source_id,source_type,source_identifier,actor_identifier,methodology,methodology_version,source_created_at,source_metadata_json,assertion_id,canonical_company_id,claim_type,asserted_value,normalized_values_json,assertion_status,source_row_key,authority_level,authority_rank,confidence,evidence_references_json,created_at,reviewed_at,valid_from,expires_at,freshness_policy,supersedes_json,conflicts_with_json,review_comment,metadata_json
src_75cc2f84e2ce7716e0a6afb2f27b5a655a2503577eb11918ca52f83b83c86f41,HUMAN_REVIEW,xlsx:ambiguity_human_review_100.xlsx:sha256:5450081cd9db4c7cf6c6c1373ba9cfb25060032077c1cf619f672e25ec441d4f,Andrej Solinc,DISCOVERY_AMBIGUITY_HUMAN_REVIEW,1,2026-10-10T20:04:40Z,"{""raw_sheet"":""RAW DATA"",""review_sheet"":""REVIEW"",""reviewed_companies"":100,""workbook_filename"":""ambiguity_human_review_100.xlsx"",""workbook_sha256"":""5450081cd9db4c7cf6c6c1373ba9cfb25060032077c1cf619f672e25ec441d4f""}",assert_88f23d891774c97ca06c892c256dea500c33b13bb67bbe699e9b7e8d7f20160e,16486,OFFICIAL_WEBSITE,,[],LIKELY_NO_OFFICIAL_WEBSITE,1,HUMAN_VALIDATED,400,MEDIUM,"[{""row_number"":2,""sample_position"":1,""sheet"":""REVIEW"",""source_identifier"":""xlsx:ambiguity_human_review_100.xlsx:sha256:5450081cd9db4c7cf6c6c1373ba9cfb25060032077c1cf619f672e25ec441d4f"",""type"":""HUMAN_REVIEW_WORKBOOK_ROW""},{""ambiguity_category"":""NO_MEANINGFUL_IDENTITY_SUPPORT"",""canonical_company_id"":16486,""row_number"":2,""sample_position"":1,""sheet"":""RAW DATA"",""type"":""DISCOVERY_AMBIGUITY_AUDIT_ROW""}]",2026-10-10T20:04:40Z,2026-10-10T20:04:40Z,2026-10-10T20:04:40Z,,REVIEW_ON_CONFLICT_OR_MATERIAL_COMPANY_CHANGE,[],[],nisem našel www,"{""ambiguity_category"":""NO_MEANINGFUL_IDENTITY_SUPPORT"",""benchmark_outcome"":""LIKELY_NO_OFFICIAL_WEBSITE"",""human_domain_in_stored_candidates"":false,""human_domain_is_diagnostic_leader"":false,""review_difficulty"":""NOT_STATED""}"
src_75cc2f84e2ce7716e0a6afb2f27b5a655a2503577eb11918ca52f83b83c86f41,HUMAN_REVIEW,xlsx:ambiguity_human_review_100.xlsx:sha256:5450081cd9db4c7cf6c6c1373ba9cfb25060032077c1cf619f672e25ec441d4f,Andrej Solinc,DISCOVERY_AMBIGUITY_HUMAN_REVIEW,1,2026-10-10T20:04:40Z,"{""raw_sheet"":""RAW DATA"",""review_sheet"":""REVIEW"",""reviewed_companies"":100,""workbook_filename"":""ambiguity_human_review_100.xlsx"",""workbook_sha256"":""5450081cd9db4c7cf6c6c1373ba9cfb25060032077c1cf619f672e25ec441d4f""}",assert_41e2d89238ff937d783b24b39f0debc839bbdd67ddeef6c2a6e6c76723194484,13345,OFFICIAL_WEBSITE,,[],LIKELY_NO_OFFICIAL_WEBSITE,2,HUMAN_VALIDATED,400,MEDIUM,"[{""row_number"":3,""sample_position"":2,""sheet"":""REVIEW"",""source_identifier"":""xlsx:ambiguity_human_review_100.xlsx:sha256:5450081cd9db4c7cf6c6c1373ba9cfb25060032077c1cf619f672e25ec441d4f"",""type"":""HUMAN_REVIEW_WORKBOOK_ROW""},{""ambiguity_category"":""NO_MEANINGFUL_IDENTITY_SUPPORT"",""canonical_company_id"":13345,""row_number"":3,""sample_position"":2,""sheet"":""RAW DATA"",""type"":""DISCOVERY_AMBIGUITY_AUDIT_ROW""}]",2026-10-10T20:04:40Z,2026-10-10T20:04:40Z,2026-10-10T20:04:40Z,,REVIEW_ON_CONFLICT_OR_MATERIAL_COMPANY_CHANGE,[],[],nisem našel www,"{""ambiguity_category"":""NO_MEANINGFUL_IDENTITY_SUPPORT"",""benchmark_outcome"":""LIKELY_NO_OFFICIAL_WEBSITE"",""human_domain_in_stored_candidates"":false,""human_domain_is_diagnostic_leader"":false,""review_difficulty"":""NOT_STATED""}"
src_75cc2f84e2ce7716e0a6afb2f27b5a655a2503577eb11918ca52f83b83c86f41,HUMAN_REVIEW,xlsx:ambiguity_human_review_100.xlsx:sha256:5450081cd9db4c7cf6c6c1373ba9cfb25060032077c1cf619f672e25ec441d4f,Andrej Solinc,DISCOVERY_AMBIGUITY_HUMAN_REVIEW,1,2026-10-10T20:04:40Z,"{""raw_sheet"":""RAW DATA"",""review_sheet"":""REVIEW"",""reviewed_companies"":100,""workbook_filename"":""ambiguity_human_review_100.xlsx"",""workbook_sha256"":""5450081cd9db4c7cf6c6c1373ba9cfb25060032077c1cf619f672e25ec441d4f""}",assert_0fb59e6a8439c73ccd0da15f2744872199a270613ccc2a01fa669dee4fea2f20,15924,OFFICIAL_WEBSITE,mazes.eu,"[""mazes.eu""]",CONFIRMED_OFFICIAL_WEBSITE,3,HUMAN_VALIDATED,400,HIGH,"[{""row_number"":4,""sample_position"":3,""sheet"":""REVIEW"",""source_identifier"":""xlsx:ambiguity_human_review_100.xlsx:sha256:5450081cd9db4c7cf6c6c1373ba9cfb25060032077c1cf619f672e25ec441d4f"",""type"":""HUMAN_REVIEW_WORKBOOK_ROW""},{""ambiguity_category"":""NO_MEANINGFUL_IDENTITY_SUPPORT"",""canonical_company_id"":15924,""row_number"":4,""sample_position"":3,""sheet"":""RAW DATA"",""type"":""DISCOVERY_AMBIGUITY_AUDIT_ROW""}]",2026-10-10T20:04:40Z,2026-10-10T20:04:40Z,2026-10-10T20:04:40Z,,REVIEW_ON_CONFLICT_OR_MATERIAL_COMPANY_CHANGE,[],[],stran brez vsebine,"{""ambiguity_category"":""NO_MEANINGFUL_IDENTITY_SUPPORT"",""benchmark_outcome"":""CORRECT_DOMAIN_PRESENT_BUT_NOT_SELECTED"",""human_domain_in_stored_candidates"":true,""human_domain_is_diagnostic_leader"":false,""review_difficulty"":""NOT_STATED""}"
src_75cc2f84e2ce7716e0a6afb2f27b5a655a2503577eb11918ca52f83b83c86f41,HUMAN_REVIEW,xlsx:ambiguity_human_review_100.xlsx:sha256:5450081cd9db4c7cf6c6c1373ba9cfb25060032077c1cf619f672e25ec441d4f,Andrej Solinc,DISCOVERY_AMBIGUITY_HUMAN_REVIEW,1,2026-10-10T20:04:40Z,"{""raw_sheet"":""RAW DATA"",""review_sheet"":""REVIEW"",""reviewed_companies"":100,""workbook_filename"":""ambiguity_human_review_100.xlsx"",""workbook_sha256"":""5450081cd9db4c7cf6c6c1373ba9cfb25060032077c1cf619f672e25ec441d4f""}",assert_a1a2a40d72b37bc40d92e32422f9b9c5f11fa0a6ce9aa96c9642c198639ef8a7,15812,OFFICIAL_WEBSITE,https://www.sp-velenje.si,"[""sp-velenje.si""]",CONFIRMED_OFFICIAL_WEBSITE,4,HUMAN_VALIDATED,400,HIGH,"[{""row_number"":5,""sample_position"":4,""sheet"":""REVIEW"",""source_identifier"":""xlsx:ambiguity_human_review_100.xlsx:sha256:5450081cd9db4c7cf6c6c1373ba9cfb25060032077c1cf619f672e25ec441d4f"",""type"":""HUMAN_REVIEW_WORKBOOK_ROW""},{""ambiguity_category"":""NO_MEANINGFUL_IDENTITY_SUPPORT"",""canonical_company_id"":15812,""row_number"":5,""sample_position"":4,""sheet"":""RAW DATA"",""type"":""DISCOVERY_AMBIGUITY_AUDIT_ROW""}]",2026-10-10T20:04:40Z,2026-10-10T20:04:40Z,2026-10-10T20:04:40Z,,REVIEW_ON_CONFLICT_OR_MATERIAL_COMPANY_CHANGE,[],[],,"{""ambiguity_category"":""NO_MEANINGFUL_IDENTITY_SUPPORT"",""benchmark_outcome"":""OFFICIAL_EXISTS_BUT_SEARCH_MISSED"",""human_domain_in_stored_candidates"":false,""human_domain_is_diagnostic_leader"":false,""review_difficulty"":""NOT_STATED""}"
src_75cc2f84e2ce7716e0a6afb2f27b5a655a2503577eb11918ca52f83b83c86f41,HUMAN_REVIEW,xlsx:ambiguity_human_review_100.xlsx:sha256:5450081cd9db4c7cf6c6c1373ba9cfb25060032077c1cf619f672e25ec441d4f,Andrej Solinc,DISCOVERY_AMBIGUITY_HUMAN_REVIEW,1,2026-10-10T20:04:40Z,"{""raw_sheet"":""RAW DATA"",""review_sheet"":""REVIEW"",""reviewed_companies"":100,""workbook_filename"":""ambiguity_human_review_100.xlsx"",""workbook_sha256"":""5450081cd9db4c7cf6c6c1373ba9cfb25060032077c1cf619f672e25ec441d4f""}",assert_8b6b46de8ef8ebdcc3277ed861c183d71a72106f18f0fc4359d7cdb0de4965c9,17039,OFFICIAL_WEBSITE,,[],LIKELY_NO_OFFICIAL_WEBSITE,5,HUMAN_VALIDATED,400,MEDIUM,"[{""row_number"":6,""sample_position"":5,""sheet"":""REVIEW"",""source_identifier"":""xlsx:ambiguity_human_review_100.xlsx:sha256:5450081cd9db4c7cf6c6c1373ba9cfb25060032077c1cf619f672e25ec441d4f"",""type"":""HUMAN_REVIEW_WORKBOOK_ROW""},{""ambiguity_category"":""NO_MEANINGFUL_IDENTITY_SUPPORT"",""canonical_company_id"":17039,""row_number"":6,""sample_position"":5,""sheet"":""RAW DATA"",""type"":""DISCOVERY_AMBIGUITY_AUDIT_ROW""}]",2026-10-10T20:04:40Z,2026-10-10T20:04:40Z,2026-10-10T20:04:40Z,,REVIEW_ON_CONFLICT_OR_MATERIAL_COMPANY_CHANGE,[],[],nisem našel www,"{""ambiguity_category"":""NO_MEANINGFUL_IDENTITY_SUPPORT"",""benchmark_outcome"":""LIKELY_NO_OFFICIAL_WEBSITE"",""human_domain_in_stored_candidates"":false,""human_domain_is_diagnostic_leader"":false,""review_difficulty"":""NOT_STATED""}"
src_75cc2f84e2ce7716e0a6afb2f27b5a655a2503577eb11918ca52f83b83c86f41,HUMAN_REVIEW,xlsx:ambiguity_human_review_100.xlsx:sha256:5450081cd9db4c7cf6c6c1373ba9cfb25060032077c1cf619f672e25ec441d4f,Andrej Solinc,DISCOVERY_AMBIGUITY_HUMAN_REVIEW,1,2026-10-10T20:04:40Z,"{""raw_sheet"":""RAW DATA"",""review_sheet"":""REVIEW"",""reviewed_companies"":100,""workbook_filename"":""ambiguity_human_review_100.xlsx"",""workbook_sha256"":""5450081cd9db4c7cf6c6c1373ba9cfb25060032077c1cf619f672e25ec441d4f""}",assert_40038367c54f555bddd0798f9b382006068dda11bdff3e1358127fec26dbd938,14817,OFFICIAL_WEBSITE,https://www.atocomm.eu,"[""atocomm.eu""]",CONFIRMED_OFFICIAL_WEBSITE,6,HUMAN_VALIDATED,400,HIGH,"[{""row_number"":7,""sample_position"":6,""sheet"":""REVIEW"",""source_identifier"":""xlsx:ambiguity_human_review_100.xlsx:sha256:5450081cd9db4c7cf6c6c1373ba9cfb25060032077c1cf619f672e25ec441d4f"",""type"":""HUMAN_REVIEW_WORKBOOK_ROW""},{""ambiguity_category"":""NO_MEANINGFUL_IDENTITY_SUPPORT"",""canonical_company_id"":14817,""row_number"":7,""sample_position"":6,""sheet"":""RAW DATA"",""type"":""DISCOVERY_AMBIGUITY_AUDIT_ROW""}]",2026-10-10T20:04:40Z,2026-10-10T20:04:40Z,2026-10-10T20:04:40Z,,REVIEW_ON_CONFLICT_OR_MATERIAL_COMPANY_CHANGE,[],[],težko najti,"{""ambiguity_category"":""NO_MEANINGFUL_IDENTITY_SUPPORT"",""benchmark_outcome"":""CORRECT_DOMAIN_ALREADY_IN_STORED_EVIDENCE"",""human_domain_in_stored_candidates"":true,""human_domain_is_diagnostic_leader"":true,""review_difficulty"":""DIFFICULT_TO_FIND""}"
src_75cc2f84e2ce7716e0a6afb2f27b5a655a2503577eb11918ca52f83b83c86f41,HUMAN_REVIEW,xlsx:ambiguity_human_review_100.xlsx:sha256:5450081cd9db4c7cf6c6c1373ba9cfb25060032077c1cf619f672e25ec441d4f,Andrej Solinc,DISCOVERY_AMBIGUITY_HUMAN_REVIEW,1,2026-10-10T20:04:40Z,"{""raw_sheet"":""RAW DATA"",""review_sheet"":""REVIEW"",""reviewed_companies"":100,""workbook_filename"":""ambiguity_human_review_100.xlsx"",""workbook_sha256"":""5450081cd9db4c7cf6c6c1373ba9cfb25060032077c1cf619f672e25ec441d4f""}",assert_5f2259e3142370413062129ef851e90060f2625696809cce5fc02d8a3a52f5a6,15695,OFFICIAL_WEBSITE,,[],LIKELY_NO_OFFICIAL_WEBSITE,7,HUMAN_VALIDATED,400,MEDIUM,"[{""row_number"":8,""sample_position"":7,""sheet"":""REVIEW"",""source_identifier"":""xlsx:ambiguity_human_review_100.xlsx:sha256:5450081cd9db4c7cf6c6c1373ba9cfb25060032077c1cf619f672e25ec441d4f"",""type"":""HUMAN_REVIEW_WORKBOOK_ROW""},{""ambiguity_category"":""NO_MEANINGFUL_IDENTITY_SUPPORT"",""canonical_company_id"":15695,""row_number"":8,""sample_position"":7,""sheet"":""RAW DATA"",""type"":""DISCOVERY_AMBIGUITY_AUDIT_ROW""}]",2026-10-10T20:04:40Z,2026-10-10T20:04:40Z,2026-10-10T20:04:40Z,,REVIEW_ON_CONFLICT_OR_MATERIAL_COMPANY_CHANGE,[],[],nisem našel www,"{""ambiguity_category"":""NO_MEANINGFUL_IDENTITY_SUPPORT"",""benchmark_outcome"":""LIKELY_NO_OFFICIAL_WEBSITE"",""human_domain_in_stored_candidates"":false,""human_domain_is_diagnostic_leader"":false,""review_difficulty"":""NOT_STATED""}"
src_75cc2f84e2ce7716e0a6afb2f27b5a655a2503577eb11918ca52f83b83c86f41,HUMAN_REVIEW,xlsx:ambiguity_human_review_100.xlsx:sha256:5450081cd9db4c7cf6c6c1373ba9cfb25060032077c1cf619f672e25ec441d4f,Andrej Solinc,DISCOVERY_AMBIGUITY_HUMAN_REVIEW,1,2026-10-10T20:04:40Z,"{""raw_sheet"":""RAW DATA"",""review_sheet"":""REVIEW"",""reviewed_companies"":100,""workbook_filename"":""ambiguity_human_review_100.xlsx"",""workbook_sha256"":""5450081cd9db4c7cf6c6c1373ba9cfb25060032077c1cf619f672e25ec441d4f""}",assert_8241d5d3ea0e6ffad52f38c3f27a25cc0954bbc6d85a668fee386b40cb1d61fc,16655,OFFICIAL_WEBSITE,,[],LIKELY_NO_OFFICIAL_WEBSITE,8,HUMAN_VALIDATED,400,MEDIUM,"[{""row_number"":9,""sample_position"":8,""sheet"":""REVIEW"",""source_identifier"":""xlsx:ambiguity_human_review_100.xlsx:sha256:5450081cd9db4c7cf6c6c1373ba9cfb25060032077c1cf619f672e25ec441d4f"",""type"":""HUMAN_REVIEW_WORKBOOK_ROW""},{""ambiguity_category"":""NO_MEANINGFUL_IDENTITY_SUPPORT"",""canonical_company_id"":16655,""row_number"":9,""sample_position"":8,""sheet"":""RAW DATA"",""type"":""DISCOVERY_AMBIGUITY_AUDIT_ROW""}]",2026-10-10T20:04:40Z,2026-10-10T20:04:40Z,2026-10-10T20:04:40Z,,REVIEW_ON_CONFLICT_OR_MATERIAL_COMPANY_CHANGE,[],[],nisem našel www,"{""ambiguity_category"":""NO_MEANINGFUL_IDENTITY_SUPPORT"",""benchmark_outcome"":""LIKELY_NO_OFFICIAL_WEBSITE"",""human_domain_in_stored_candidates"":false,""human_domain_is_diagnostic_leader"":false,""review_difficulty"":""NOT_STATED""}"
src_75cc2f84e2ce7716e0a6afb2f27b5a655a2503577eb11918ca52f83b83c86f41,HUMAN_REVIEW,xlsx:ambiguity_human_review_100.xlsx:sha256:5450081cd9db4c7cf6c6c1373ba9cfb25060032077c1cf619f672e25ec441d4f,Andrej Solinc,DISCOVERY_AMBIGUITY_HUMAN_REVIEW,1,2026-10-10T20:04:40Z,"{""raw_sheet"":""RAW DATA"",""review_sheet"":""REVIEW"",""reviewed_companies"":100,""workbook_filename"":""ambiguity_human_review_100.xlsx"",""workbook_sha256"":""5450081cd9db4c7cf6c6c1373ba9cfb25060032077c1cf619f672e25ec441d4f""}",assert_d598680799e0df27a0666c7ef4691f50989c38389ed75869fd67a847b013dabb,18675,OFFICIAL_WEBSITE,,[],LIKELY_NO_OFFICIAL_WEBSITE,9,HUMAN_VALIDATED,400,MEDIUM,"[{""row_number"":10,""sample_position"":9,""sheet"":""REVIEW"",""source_identifier"":""xlsx:ambiguity_human_review_100.xlsx:sha256:5450081cd9db4c7cf6c6c1373ba9cfb25060032077c1cf619f672e25ec441d4f"",""type"":""HUMAN_REVIEW_WORKBOOK_ROW""},{""ambiguity_category"":""NO_MEANINGFUL_IDENTITY_SUPPORT"",""canonical_company_id"":18675,""row_number"":10,""sample_position"":9,""sheet"":""RAW DATA"",""type"":""DISCOVERY_AMBIGUITY_AUDIT_ROW""}]",2026-10-10T20:04:40Z,2026-10-10T20:04:40Z,2026-10-10T20:04:40Z,,REVIEW_ON_CONFLICT_OR_MATERIAL_COMPANY_CHANGE,[],[],nisem našel www,"{""ambiguity_category"":""NO_MEANINGFUL_IDENTITY_SUPPORT"",""benchmark_outcome"":""LIKELY_NO_OFFICIAL_WEBSITE"",""human_domain_in_stored_candidates"":false,""human_domain_is_diagnostic_leader"":false,""review_difficulty"":""NOT_STATED""}"
src_75cc2f84e2ce7716e0a6afb2f27b5a655a2503577eb11918ca52f83b83c86f41,HUMAN_REVIEW,xlsx:ambiguity_human_review_100.xlsx:sha256:5450081cd9db4c7cf6c6c1373ba9cfb25060032077c1cf619f672e25ec441d4f,Andrej Solinc,DISCOVERY_AMBIGUITY_HUMAN_REVIEW,1,2026-10-10T20:04:40Z,"{""raw_sheet"":""RAW DATA"",""review_sheet"":""REVIEW"",""reviewed_companies"":100,""workbook_filename"":""ambiguity_human_review_100.xlsx"",""workbook_sha256"":""5450081cd9db4c7cf6c6c1373ba9cfb25060032077c1cf619f672e25ec441d4f""}",assert_c4f0a62d76c2ab1e808f90bd5edb5f502874be3c7ac206422c5a8d8b9186729e,16690,OFFICIAL_WEBSITE,https://www.eusredstva.si,"[""eusredstva.si""]",CONFIRMED_OFFICIAL_WEBSITE,10,HUMAN_VALIDATED,400,HIGH,"[{""row_number"":11,""sample_position"":10,""sheet"":""REVIEW"",""source_identifier"":""xlsx:ambiguity_human_review_100.xlsx:sha256:5450081cd9db4c7cf6c6c1373ba9cfb25060032077c1cf619f672e25ec441d4f"",""type"":""HUMAN_REVIEW_WORKBOOK_ROW""},{""ambiguity_category"":""NO_MEANINGFUL_IDENTITY_SUPPORT"",""canonical_company_id"":16690,""row_number"":11,""sample_position"":10,""sheet"":""RAW DATA"",""type"":""DISCOVERY_AMBIGUITY_AUDIT_ROW""}]",2026-10-10T20:04:40Z,2026-10-10T20:04:40Z,2026-10-10T20:04:40Z,,REVIEW_ON_CONFLICT_OR_MATERIAL_COMPANY_CHANGE,[],[],težko najti,"{""ambiguity_category"":""NO_MEANINGFUL_IDENTITY_SUPPORT"",""benchmark_outcome"":""OFFICIAL_EXISTS_BUT_SEARCH_MISSED"",""human_domain_in_stored_candidates"":false,""human_domain_is_diagnostic_leader"":false,""review_difficulty"":""DIFFICULT_TO_FIND""}"
src_75cc2f84e2ce7716e0a6afb2f27b5a655a2503577eb11918ca52f83b83c86f41,HUMAN_REVIEW,xlsx:ambiguity_human_review_100.xlsx:sha256:5450081cd9db4c7cf6c6c1373ba9cfb25060032077c1cf619f672e25ec441d4f,Andrej Solinc,DISCOVERY_AMBIGUITY_HUMAN_REVIEW,1,2026-10-10T20:04:40Z,"{""raw_sheet"":""RAW DATA"",""review_sheet"":""REVIEW"",""reviewed_companies"":100,""workbook_filename"":""ambiguity_human_review_100.xlsx"",""workbook_sha256"":""5450081cd9db4c7cf6c6c1373ba9cfb25060032077c1cf619f672e25ec441d4f""}",assert_82e90166466dc132f4bc9dd5aa7dce729d694d40fe75aeb74dc8856b4ad28894,11719,OFFICIAL_WEBSITE,https://www.restavracija-bolero.si,"[""restavracija-bolero.si""]",CONFIRMED_OFFICIAL_WEBSITE,11,HUMAN_VALIDATED,400,HIGH,"[{""row_number"":12,""sample_position"":11,""sheet"":""REVIEW"",""source_identifier"":""xlsx:ambiguity_human_review_100.xlsx:sha256:5450081cd9db4c7cf6c6c1373ba9cfb25060032077c1cf619f672e25ec441d4f"",""type"":""HUMAN_REVIEW_WORKBOOK_ROW""},{""ambiguity_category"":""NO_MEANINGFUL_IDENTITY_SUPPORT"",""canonical_company_id"":11719,""row_number"":12,""sample_position"":11,""sheet"":""RAW DATA"",""type"":""DISCOVERY_AMBIGUITY_AUDIT_ROW""}]",2026-10-10T20:04:40Z,2026-10-10T20:04:40Z,2026-10-10T20:04:40Z,,REVIEW_ON_CONFLICT_OR_MATERIAL_COMPANY_CHANGE,[],[],težko najti,"{""ambiguity_category"":""NO_MEANINGFUL_IDENTITY_SUPPORT"",""benchmark_outcome"":""OFFICIAL_EXISTS_BUT_SEARCH_MISSED"",""human_domain_in_stored_candidates"":false,""human_domain_is_diagnostic_leader"":false,""review_difficulty"":""DIFFICULT_TO_FIND""}"
src_75cc2f84e2ce7716e0a6afb2f27b5a655a2503577eb11918ca52f83b83c86f41,HUMAN_REVIEW,xlsx:ambiguity_human_review_100.xlsx:sha256:5450081cd9db4c7cf6c6c1373ba9cfb25060032077c1cf619f672e25ec441d4f,Andrej Solinc,DISCOVERY_AMBIGUITY_HUMAN_REVIEW,1,2026-10-10T20:04:40Z,"{""raw_sheet"":""RAW DATA"",""review_sheet"":""REVIEW"",""reviewed_companies"":100,""workbook_filename"":""ambiguity_human_review_100.xlsx"",""workbook_sha256"":""5450081cd9db4c7cf6c6c1373ba9cfb25060032077c1cf619f672e25ec441d4f""}",assert_c65074bcb1aa268d0a04f00613c1ad0b9ae9802d538004e60d355ba9be6a9fc2,16686,OFFICIAL_WEBSITE,,[],LIKELY_NO_OFFICIAL_WEBSITE,12,HUMAN_VALIDATED,400,MEDIUM,"[{""row_number"":13,""sample_position"":12,""sheet"":""REVIEW"",""source_identifier"":""xlsx:ambiguity_human_review_100.xlsx:sha256:5450081cd9db4c7cf6c6c1373ba9cfb25060032077c1cf619f672e25ec441d4f"",""type"":""HUMAN_REVIEW_WORKBOOK_ROW""},{""ambiguity_category"":""NO_MEANINGFUL_IDENTITY_SUPPORT"",""canonical_company_id"":16686,""row_number"":13,""sample_position"":12,""sheet"":""RAW DATA"",""type"":""DISCOVERY_AMBIGUITY_AUDIT_ROW""}]",2026-10-10T20:04:40Z,2026-10-10T20:04:40Z,2026-10-10T20:04:40Z,,REVIEW_ON_CONFLICT_OR_MATERIAL_COMPANY_CHANGE,[],[],nisem našel www,"{""ambiguity_category"":""NO_MEANINGFUL_IDENTITY_SUPPORT"",""benchmark_outcome"":""LIKELY_NO_OFFICIAL_WEBSITE"",""human_domain_in_stored_candidates"":false,""human_domain_is_diagnostic_leader"":false,""review_difficulty"":""NOT_STATED""}"
src_75cc2f84e2ce7716e0a6afb2f27b5a655a2503577eb11918ca52f83b83c86f41,HUMAN_REVIEW,xlsx:ambiguity_human_review_100.xlsx:sha256:5450081cd9db4c7cf6c6c1373ba9cfb25060032077c1cf619f672e25ec441d4f,Andrej Solinc,DISCOVERY_AMBIGUITY_HUMAN_REVIEW,1,2026-10-10T20:04:40Z,"{""raw_sheet"":""RAW DATA"",""review_sheet"":""REVIEW"",""reviewed_companies"":100,""workbook_filename"":""ambiguity_human_review_100.xlsx"",""workbook_sha256"":""5450081cd9db4c7cf6c6c1373ba9cfb25060032077c1cf619f672e25ec441d4f""}",assert_953156fd22921c7d82416e1f5b0da6ef281c33d54b029471421a24cc3bbdcc83,5869,OFFICIAL_WEBSITE,,[],COMPLEX_RELATIONSHIP,13,HUMAN_VALIDATED,400,MEDIUM,"[{""row_number"":14,""sample_position"":13,""sheet"":""REVIEW"",""source_identifier"":""xlsx:ambiguity_human_review_100.xlsx:sha256:5450081cd9db4c7cf6c6c1373ba9cfb25060032077c1cf619f672e25ec441d4f"",""type"":""HUMAN_REVIEW_WORKBOOK_ROW""},{""ambiguity_category"":""NO_MEANINGFUL_IDENTITY_SUPPORT"",""canonical_company_id"":5869,""row_number"":14,""sample_position"":13,""sheet"":""RAW DATA"",""type"":""DISCOVERY_AMBIGUITY_AUDIT_ROW""}]",2026-10-10T20:04:40Z,2026-10-10T20:04:40Z,2026-10-10T20:04:40Z,,REVIEW_ON_CONFLICT_OR_MATERIAL_COMPANY_CHANGE,[],[],"ni slo www; emaili so na bartec.com ki je morda stran ""mame"", definitivno pa ne njihova","{""ambiguity_category"":""NO_MEANINGFUL_IDENTITY_SUPPORT"",""benchmark_outcome"":""COMPLEX_BRAND_OR_GROUP_RELATIONSHIP"",""human_domain_in_stored_candidates"":false,""human_domain_is_diagnostic_leader"":false,""review_difficulty"":""NOT_STATED""}"
src_75cc2f84e2ce7716e0a6afb2f27b5a655a2503577eb11918ca52f83b83c86f41,HUMAN_REVIEW,xlsx:ambiguity_human_review_100.xlsx:sha256:5450081cd9db4c7cf6c6c1373ba9cfb25060032077c1cf619f672e25ec441d4f,Andrej Solinc,DISCOVERY_AMBIGUITY_HUMAN_REVIEW,1,2026-10-10T20:04:40Z,"{""raw_sheet"":""RAW DATA"",""review_sheet"":""REVIEW"",""reviewed_companies"":100,""workbook_filename"":""ambiguity_human_review_100.xlsx"",""workbook_sha256"":""5450081cd9db4c7cf6c6c1373ba9cfb25060032077c1cf619f672e25ec441d4f""}",assert_f004b3b48cbbd09eb1257733bf50667fd69f81b43504021051b00dc04e3877f5,313,OFFICIAL_WEBSITE,vilapreseren.com,"[""vilapreseren.com""]",CONFIRMED_OFFICIAL_WEBSITE,14,HUMAN_VALIDATED,400,HIGH,"[{""row_number"":15,""sample_position"":14,""sheet"":""REVIEW"",""source_identifier"":""xlsx:ambiguity_human_review_100.xlsx:sha256:5450081cd9db4c7cf6c6c1373ba9cfb25060032077c1cf619f672e25ec441d4f"",""type"":""HUMAN_REVIEW_WORKBOOK_ROW""},{""ambiguity_category"":""NO_MEANINGFUL_IDENTITY_SUPPORT"",""canonical_company_id"":313,""row_number"":15,""sample_position"":14,""sheet"":""RAW DATA"",""type"":""DISCOVERY_AMBIGUITY_AUDIT_ROW""}]",2026-10-10T20:04:40Z,2026-10-10T20:04:40Z,2026-10-10T20:04:40Z,,REVIEW_ON_CONFLICT_OR_MATERIAL_COMPANY_CHANGE,[],[],težko najti,"{""ambiguity_category"":""NO_MEANINGFUL_IDENTITY_SUPPORT"",""benchmark_outcome"":""OFFICIAL_EXISTS_BUT_SEARCH_MISSED"",""human_domain_in_stored_candidates"":false,""human_domain_is_diagnostic_leader"":false,""review_difficulty"":""DIFFICULT_TO_FIND""}"
src_75cc2f84e2ce7716e0a6afb2f27b5a655a2503577eb11918ca52f83b83c86f41,HUMAN_REVIEW,xlsx:ambiguity_human_review_100.xlsx:sha256:5450081cd9db4c7cf6c6c1373ba9cfb25060032077c1cf619f672e25ec441d4f,Andrej Solinc,DISCOVERY_AMBIGUITY_HUMAN_REVIEW,1,2026-10-10T20:04:40Z,"{""raw_sheet"":""RAW DATA"",""review_sheet"":""REVIEW"",""reviewed_companies"":100,""workbook_filename"":""ambiguity_human_review_100.xlsx"",""workbook_sha256"":""5450081cd9db4c7cf6c6c1373ba9cfb25060032077c1cf619f672e25ec441d4f""}",assert_2183a301c5370b06a3d6bda1a53d59acc4a46fc04bae92aa3ab171a1d321460b,18452,OFFICIAL_WEBSITE,,[],LIKELY_NO_OFFICIAL_WEBSITE,15,HUMAN_VALIDATED,400,MEDIUM,"[{""row_number"":16,""sample_position"":15,""sheet"":""REVIEW"",""source_identifier"":""xlsx:ambiguity_human_review_100.xlsx:sha256:5450081cd9db4c7cf6c6c1373ba9cfb25060032077c1cf619f672e25ec441d4f"",""type"":""HUMAN_REVIEW_WORKBOOK_ROW""},{""ambiguity_category"":""NO_MEANINGFUL_IDENTITY_SUPPORT"",""canonical_company_id"":18452,""row_number"":16,""sample_position"":15,""sheet"":""RAW DATA"",""type"":""DISCOVERY_AMBIGUITY_AUDIT_ROW""}]",2026-10-10T20:04:40Z,2026-10-10T20:04:40Z,2026-10-10T20:04:40Z,,REVIEW_ON_CONFLICT_OR_MATERIAL_COMPANY_CHANGE,[],[],nisem našel www,"{""ambiguity_category"":""NO_MEANINGFUL_IDENTITY_SUPPORT"",""benchmark_outcome"":""LIKELY_NO_OFFICIAL_WEBSITE"",""human_domain_in_stored_candidates"":false,""human_domain_is_diagnostic_leader"":false,""review_difficulty"":""NOT_STATED""}"
src_75cc2f84e2ce7716e0a6afb2f27b5a655a2503577eb11918ca52f83b83c86f41,HUMAN_REVIEW,xlsx:ambiguity_human_review_100.xlsx:sha256:5450081cd9db4c7cf6c6c1373ba9cfb25060032077c1cf619f672e25ec441d4f,Andrej Solinc,DISCOVERY_AMBIGUITY_HUMAN_REVIEW,1,2026-10-10T20:04:40Z,"{""raw_sheet"":""RAW DATA"",""review_sheet"":""REVIEW"",""reviewed_companies"":100,""workbook_filename"":""ambiguity_human_review_100.xlsx"",""workbook_sha256"":""5450081cd9db4c7cf6c6c1373ba9cfb25060032077c1cf619f672e25ec441d4f""}",assert_512123a55d097791d5ce21fcf460529e068410af64f1942c05bf9049f8c368d6,5925,OFFICIAL_WEBSITE,,[],LIKELY_NO_OFFICIAL_WEBSITE,16,HUMAN_VALIDATED,400,MEDIUM,"[{""row_number"":17,""sample_position"":16,""sheet"":""REVIEW"",""source_identifier"":""xlsx:ambiguity_human_review_100.xlsx:sha256:5450081cd9db4c7cf6c6c1373ba9cfb25060032077c1cf619f672e25ec441d4f"",""type"":""HUMAN_REVIEW_WORKBOOK_ROW""},{""ambiguity_category"":""NO_MEANINGFUL_IDENTITY_SUPPORT"",""canonical_company_id"":5925,""row_number"":17,""sample_position"":16,""sheet"":""RAW DATA"",""type"":""DISCOVERY_AMBIGUITY_AUDIT_ROW""}]",2026-10-10T20:04:40Z,2026-10-10T20:04:40Z,2026-10-10T20:04:40Z,,REVIEW_ON_CONFLICT_OR_MATERIAL_COMPANY_CHANGE,[],[],nisem našel www,"{""ambiguity_category"":""NO_MEANINGFUL_IDENTITY_SUPPORT"",""benchmark_outcome"":""LIKELY_NO_OFFICIAL_WEBSITE"",""human_domain_in_stored_candidates"":false,""human_domain_is_diagnostic_leader"":false,""review_difficulty"":""NOT_STATED""}"
src_75cc2f84e2ce7716e0a6afb2f27b5a655a2503577eb11918ca52f83b83c86f41,HUMAN_REVIEW,xlsx:ambiguity_human_review_100.xlsx:sha256:5450081cd9db4c7cf6c6c1373ba9cfb25060032077c1cf619f672e25ec441d4f,Andrej Solinc,DISCOVERY_AMBIGUITY_HUMAN_REVIEW,1,2026-10-10T20:04:40Z,"{""raw_sheet"":""RAW DATA"",""review_sheet"":""REVIEW"",""reviewed_companies"":100,""workbook_filename"":""ambiguity_human_review_100.xlsx"",""workbook_sha256"":""5450081cd9db4c7cf6c6c1373ba9cfb25060032077c1cf619f672e25ec441d4f""}",assert_f114f570fb43bc2d8a9d8d62e67a0df889e2867780af81cd144d41470a7208a4,14450,OFFICIAL_WEBSITE,https://bomles.si/,"[""bomles.si""]",CONFIRMED_OFFICIAL_WEBSITE,17,HUMAN_VALIDATED,400,HIGH,"[{""row_number"":18,""sample_position"":17,""sheet"":""REVIEW"",""source_identifier"":""xlsx:ambiguity_human_review_100.xlsx:sha256:5450081cd9db4c7cf6c6c1373ba9cfb25060032077c1cf619f672e25ec441d4f"",""type"":""HUMAN_REVIEW_WORKBOOK_ROW""},{""ambiguity_category"":""NO_MEANINGFUL_IDENTITY_SUPPORT"",""canonical_company_id"":14450,""row_number"":18,""sample_position"":17,""sheet"":""RAW DATA"",""type"":""DISCOVERY_AMBIGUITY_AUDIT_ROW""}]",2026-10-10T20:04:40Z,2026-10-10T20:04:40Z,2026-10-10T20:04:40Z,,REVIEW_ON_CONFLICT_OR_MATERIAL_COMPANY_CHANGE,[],[],lahko najti,"{""ambiguity_category"":""NO_MEANINGFUL_IDENTITY_SUPPORT"",""benchmark_outcome"":""CORRECT_DOMAIN_ALREADY_IN_STORED_EVIDENCE"",""human_domain_in_stored_candidates"":true,""human_domain_is_diagnostic_leader"":true,""review_difficulty"":""EASY_TO_FIND""}"
src_75cc2f84e2ce7716e0a6afb2f27b5a655a2503577eb11918ca52f83b83c86f41,HUMAN_REVIEW,xlsx:ambiguity_human_review_100.xlsx:sha256:5450081cd9db4c7cf6c6c1373ba9cfb25060032077c1cf619f672e25ec441d4f,Andrej Solinc,DISCOVERY_AMBIGUITY_HUMAN_REVIEW,1,2026-10-10T20:04:40Z,"{""raw_sheet"":""RAW DATA"",""review_sheet"":""REVIEW"",""reviewed_companies"":100,""workbook_filename"":""ambiguity_human_review_100.xlsx"",""workbook_sha256"":""5450081cd9db4c7cf6c6c1373ba9cfb25060032077c1cf619f672e25ec441d4f""}",assert_8b0592fd94e37e4bc3c01d804524c8d9c7c3a3b0e3e916a74a387b0dcebbd13c,2748,OFFICIAL_WEBSITE,primacatering.si,"[""primacatering.si""]",CONFIRMED_OFFICIAL_WEBSITE,18,HUMAN_VALIDATED,400,HIGH,"[{""row_number"":19,""sample_position"":18,""sheet"":""REVIEW"",""source_identifier"":""xlsx:ambiguity_human_review_100.xlsx:sha256:5450081cd9db4c7cf6c6c1373ba9cfb25060032077c1cf619f672e25ec441d4f"",""type"":""HUMAN_REVIEW_WORKBOOK_ROW""},{""ambiguity_category"":""NO_MEANINGFUL_IDENTITY_SUPPORT"",""canonical_company_id"":2748,""row_number"":19,""sample_position"":18,""sheet"":""RAW DATA"",""type"":""DISCOVERY_AMBIGUITY_AUDIT_ROW""}]",2026-10-10T20:04:40Z,2026-10-10T20:04:40Z,2026-10-10T20:04:40Z,,REVIEW_ON_CONFLICT_OR_MATERIAL_COMPANY_CHANGE,[],[],težko najti,"{""ambiguity_category"":""NO_MEANINGFUL_IDENTITY_SUPPORT"",""benchmark_outcome"":""CORRECT_DOMAIN_PRESENT_BUT_NOT_SELECTED"",""human_domain_in_stored_candidates"":true,""human_domain_is_diagnostic_leader"":false,""review_difficulty"":""DIFFICULT_TO_FIND""}"
src_75cc2f84e2ce7716e0a6afb2f27b5a655a2503577eb11918ca52f83b83c86f41,HUMAN_REVIEW,xlsx:ambiguity_human_review_100.xlsx:sha256:5450081cd9db4c7cf6c6c1373ba9cfb25060032077c1cf619f672e25ec441d4f,Andrej Solinc,DISCOVERY_AMBIGUITY_HUMAN_REVIEW,1,2026-10-10T20:04:40Z,"{""raw_sheet"":""RAW DATA"",""review_sheet"":""REVIEW"",""reviewed_companies"":100,""workbook_filename"":""ambiguity_human_review_100.xlsx"",""workbook_sha256"":""5450081cd9db4c7cf6c6c1373ba9cfb25060032077c1cf619f672e25ec441d4f""}",assert_58d1912f40735775c1c35a9f223a2de6046f8c0009718959eef74a4726252cfe,15908,OFFICIAL_WEBSITE,https://www.vrtecmalina.si,"[""vrtecmalina.si""]",CONFIRMED_OFFICIAL_WEBSITE,19,HUMAN_VALIDATED,400,HIGH,"[{""row_number"":20,""sample_position"":19,""sheet"":""REVIEW"",""source_identifier"":""xlsx:ambiguity_human_review_100.xlsx:sha256:5450081cd9db4c7cf6c6c1373ba9cfb25060032077c1cf619f672e25ec441d4f"",""type"":""HUMAN_REVIEW_WORKBOOK_ROW""},{""ambiguity_category"":""NO_MEANINGFUL_IDENTITY_SUPPORT"",""canonical_company_id"":15908,""row_number"":20,""sample_position"":19,""sheet"":""RAW DATA"",""type"":""DISCOVERY_AMBIGUITY_AUDIT_ROW""}]",2026-10-10T20:04:40Z,2026-10-10T20:04:40Z,2026-10-10T20:04:40Z,,REVIEW_ON_CONFLICT_OR_MATERIAL_COMPANY_CHANGE,[],[],,"{""ambiguity_category"":""NO_MEANINGFUL_IDENTITY_SUPPORT"",""benchmark_outcome"":""OFFICIAL_EXISTS_BUT_SEARCH_MISSED"",""human_domain_in_stored_candidates"":false,""human_domain_is_diagnostic_leader"":false,""review_difficulty"":""NOT_STATED""}"
src_75cc2f84e2ce7716e0a6afb2f27b5a655a2503577eb11918ca52f83b83c86f41,HUMAN_REVIEW,xlsx:ambiguity_human_review_100.xlsx:sha256:5450081cd9db4c7cf6c6c1373ba9cfb25060032077c1cf619f672e25ec441d4f,Andrej Solinc,DISCOVERY_AMBIGUITY_HUMAN_REVIEW,1,2026-10-10T20:04:40Z,"{""raw_sheet"":""RAW DATA"",""review_sheet"":""REVIEW"",""reviewed_companies"":100,""workbook_filename"":""ambiguity_human_review_100.xlsx"",""workbook_sha256"":""5450081cd9db4c7cf6c6c1373ba9cfb25060032077c1cf619f672e25ec441d4f""}",assert_38bf3df7453e6367d068e74e114a28e14d0f8cf5d99eaa9e8cefa07dbffc4863,14478,OFFICIAL_WEBSITE,,[],LIKELY_NO_OFFICIAL_WEBSITE,20,HUMAN_VALIDATED,400,MEDIUM,"[{""row_number"":21,""sample_position"":20,""sheet"":""REVIEW"",""source_identifier"":""xlsx:ambiguity_human_review_100.xlsx:sha256:5450081cd9db4c7cf6c6c1373ba9cfb25060032077c1cf619f672e25ec441d4f"",""type"":""HUMAN_REVIEW_WORKBOOK_ROW""},{""ambiguity_category"":""NO_MEANINGFUL_IDENTITY_SUPPORT"",""canonical_company_id"":14478,""row_number"":21,""sample_position"":20,""sheet"":""RAW DATA"",""type"":""DISCOVERY_AMBIGUITY_AUDIT_ROW""}]",2026-10-10T20:04:40Z,2026-10-10T20:04:40Z,2026-10-10T20:04:40Z,,REVIEW_ON_CONFLICT_OR_MATERIAL_COMPANY_CHANGE,[],[],nisem našel www,"{""ambiguity_category"":""NO_MEANINGFUL_IDENTITY_SUPPORT"",""benchmark_outcome"":""LIKELY_NO_OFFICIAL_WEBSITE"",""human_domain_in_stored_candidates"":false,""human_domain_is_diagnostic_leader"":false,""review_difficulty"":""NOT_STATED""}"
src_75cc2f84e2ce7716e0a6afb2f27b5a655a2503577eb11918ca52f83b83c86f41,HUMAN_REVIEW,xlsx:ambiguity_human_review_100.xlsx:sha256:5450081cd9db4c7cf6c6c1373ba9cfb25060032077c1cf619f672e25ec441d4f,Andrej Solinc,DISCOVERY_AMBIGUITY_HUMAN_REVIEW,1,2026-10-10T20:04:40Z,"{""raw_sheet"":""RAW DATA"",""review_sheet"":""REVIEW"",""reviewed_companies"":100,""workbook_filename"":""ambiguity_human_review_100.xlsx"",""workbook_sha256"":""5450081cd9db4c7cf6c6c1373ba9cfb25060032077c1cf619f672e25ec441d4f""}",assert_76d5cbc023cbaa6749c1054163517ff5146f42456573ca6ac968af8ebf2cf140,9251,OFFICIAL_WEBSITE,,[],LIKELY_NO_OFFICIAL_WEBSITE,21,HUMAN_VALIDATED,400,MEDIUM,"[{""row_number"":22,""sample_position"":21,""sheet"":""REVIEW"",""source_identifier"":""xlsx:ambiguity_human_review_100.xlsx:sha256:5450081cd9db4c7cf6c6c1373ba9cfb25060032077c1cf619f672e25ec441d4f"",""type"":""HUMAN_REVIEW_WORKBOOK_ROW""},{""ambiguity_category"":""NO_MEANINGFUL_IDENTITY_SUPPORT"",""canonical_company_id"":9251,""row_number"":22,""sample_position"":21,""sheet"":""RAW DATA"",""type"":""DISCOVERY_AMBIGUITY_AUDIT_ROW""}]",2026-10-10T20:04:40Z,2026-10-10T20:04:40Z,2026-10-10T20:04:40Z,,REVIEW_ON_CONFLICT_OR_MATERIAL_COMPANY_CHANGE,[],[],nisem našel www,"{""ambiguity_category"":""NO_MEANINGFUL_IDENTITY_SUPPORT"",""benchmark_outcome"":""LIKELY_NO_OFFICIAL_WEBSITE"",""human_domain_in_stored_candidates"":false,""human_domain_is_diagnostic_leader"":false,""review_difficulty"":""NOT_STATED""}"
src_75cc2f84e2ce7716e0a6afb2f27b5a655a2503577eb11918ca52f83b83c86f41,HUMAN_REVIEW,xlsx:ambiguity_human_review_100.xlsx:sha256:5450081cd9db4c7cf6c6c1373ba9cfb25060032077c1cf619f672e25ec441d4f,Andrej Solinc,DISCOVERY_AMBIGUITY_HUMAN_REVIEW,1,2026-10-10T20:04:40Z,"{""raw_sheet"":""RAW DATA"",""review_sheet"":""REVIEW"",""reviewed_companies"":100,""workbook_filename"":""ambiguity_human_review_100.xlsx"",""workbook_sha256"":""5450081cd9db4c7cf6c6c1373ba9cfb25060032077c1cf619f672e25ec441d4f""}",assert_3cd0d738a0a2323e1b4d28a4c759e76d9697559aac6aa538eb38fed651e66227,17911,OFFICIAL_WEBSITE,,[],LIKELY_NO_OFFICIAL_WEBSITE,22,HUMAN_VALIDATED,400,MEDIUM,"[{""row_number"":23,""sample_position"":22,""sheet"":""REVIEW"",""source_identifier"":""xlsx:ambiguity_human_review_100.xlsx:sha256:5450081cd9db4c7cf6c6c1373ba9cfb25060032077c1cf619f672e25ec441d4f"",""type"":""HUMAN_REVIEW_WORKBOOK_ROW""},{""ambiguity_category"":""NO_MEANINGFUL_IDENTITY_SUPPORT"",""canonical_company_id"":17911,""row_number"":23,""sample_position"":22,""sheet"":""RAW DATA"",""type"":""DISCOVERY_AMBIGUITY_AUDIT_ROW""}]",2026-10-10T20:04:40Z,2026-10-10T20:04:40Z,2026-10-10T20:04:40Z,,REVIEW_ON_CONFLICT_OR_MATERIAL_COMPANY_CHANGE,[],[],nisem našel www,"{""ambiguity_category"":""NO_MEANINGFUL_IDENTITY_SUPPORT"",""benchmark_outcome"":""LIKELY_NO_OFFICIAL_WEBSITE"",""human_domain_in_stored_candidates"":false,""human_domain_is_diagnostic_leader"":false,""review_difficulty"":""NOT_STATED""}"
src_75cc2f84e2ce7716e0a6afb2f27b5a655a2503577eb11918ca52f83b83c86f41,HUMAN_REVIEW,xlsx:ambiguity_human_review_100.xlsx:sha256:5450081cd9db4c7cf6c6c1373ba9cfb25060032077c1cf619f672e25ec441d4f,Andrej Solinc,DISCOVERY_AMBIGUITY_HUMAN_REVIEW,1,2026-10-10T20:04:40Z,"{""raw_sheet"":""RAW DATA"",""review_sheet"":""REVIEW"",""reviewed_companies"":100,""workbook_filename"":""ambiguity_human_review_100.xlsx"",""workbook_sha256"":""5450081cd9db4c7cf6c6c1373ba9cfb25060032077c1cf619f672e25ec441d4f""}",assert_92aba1aabfd68eb2ee731558bd0be5f7138911280149168e5b91157126fd10f2,18843,OFFICIAL_WEBSITE,,[],LIKELY_NO_OFFICIAL_WEBSITE,23,HUMAN_VALIDATED,400,MEDIUM,"[{""row_number"":24,""sample_position"":23,""sheet"":""REVIEW"",""source_identifier"":""xlsx:ambiguity_human_review_100.xlsx:sha256:5450081cd9db4c7cf6c6c1373ba9cfb25060032077c1cf619f672e25ec441d4f"",""type"":""HUMAN_REVIEW_WORKBOOK_ROW""},{""ambiguity_category"":""NO_MEANINGFUL_IDENTITY_SUPPORT"",""canonical_company_id"":18843,""row_number"":24,""sample_position"":23,""sheet"":""RAW DATA"",""type"":""DISCOVERY_AMBIGUITY_AUDIT_ROW""}]",2026-10-10T20:04:40Z,2026-10-10T20:04:40Z,2026-10-10T20:04:40Z,,REVIEW_ON_CONFLICT_OR_MATERIAL_COMPANY_CHANGE,[],[],nisem našel www,"{""ambiguity_category"":""NO_MEANINGFUL_IDENTITY_SUPPORT"",""benchmark_outcome"":""LIKELY_NO_OFFICIAL_WEBSITE"",""human_domain_in_stored_candidates"":false,""human_domain_is_diagnostic_leader"":false,""review_difficulty"":""NOT_STATED""}"
src_75cc2f84e2ce7716e0a6afb2f27b5a655a2503577eb11918ca52f83b83c86f41,HUMAN_REVIEW,xlsx:ambiguity_human_review_100.xlsx:sha256:5450081cd9db4c7cf6c6c1373ba9cfb25060032077c1cf619f672e25ec441d4f,Andrej Solinc,DISCOVERY_AMBIGUITY_HUMAN_REVIEW,1,2026-10-10T20:04:40Z,"{""raw_sheet"":""RAW DATA"",""review_sheet"":""REVIEW"",""reviewed_companies"":100,""workbook_filename"":""ambiguity_human_review_100.xlsx"",""workbook_sha256"":""5450081cd9db4c7cf6c6c1373ba9cfb25060032077c1cf619f672e25ec441d4f""}",assert_0a3b0572407fb8b117f68e4264580527a14a30ddb1d9a629c0d8314e0f3890ff,15880,OFFICIAL_WEBSITE,https://prihajam.si,"[""prihajam.si""]",CONFIRMED_OFFICIAL_WEBSITE,24,HUMAN_VALIDATED,400,HIGH,"[{""row_number"":25,""sample_position"":24,""sheet"":""REVIEW"",""source_identifier"":""xlsx:ambiguity_human_review_100.xlsx:sha256:5450081cd9db4c7cf6c6c1373ba9cfb25060032077c1cf619f672e25ec441d4f"",""type"":""HUMAN_REVIEW_WORKBOOK_ROW""},{""ambiguity_category"":""NO_MEANINGFUL_IDENTITY_SUPPORT"",""canonical_company_id"":15880,""row_number"":25,""sample_position"":24,""sheet"":""RAW DATA"",""type"":""DISCOVERY_AMBIGUITY_AUDIT_ROW""}]",2026-10-10T20:04:40Z,2026-10-10T20:04:40Z,2026-10-10T20:04:40Z,,REVIEW_ON_CONFLICT_OR_MATERIAL_COMPANY_CHANGE,[],[],težko najti,"{""ambiguity_category"":""NO_MEANINGFUL_IDENTITY_SUPPORT"",""benchmark_outcome"":""CORRECT_DOMAIN_PRESENT_BUT_NOT_SELECTED"",""human_domain_in_stored_candidates"":true,""human_domain_is_diagnostic_leader"":false,""review_difficulty"":""DIFFICULT_TO_FIND""}"
src_75cc2f84e2ce7716e0a6afb2f27b5a655a2503577eb11918ca52f83b83c86f41,HUMAN_REVIEW,xlsx:ambiguity_human_review_100.xlsx:sha256:5450081cd9db4c7cf6c6c1373ba9cfb25060032077c1cf619f672e25ec441d4f,Andrej Solinc,DISCOVERY_AMBIGUITY_HUMAN_REVIEW,1,2026-10-10T20:04:40Z,"{""raw_sheet"":""RAW DATA"",""review_sheet"":""REVIEW"",""reviewed_companies"":100,""workbook_filename"":""ambiguity_human_review_100.xlsx"",""workbook_sha256"":""5450081cd9db4c7cf6c6c1373ba9cfb25060032077c1cf619f672e25ec441d4f""}",assert_2a597694f953ec3c4773c50ddcc70f8abd4386d70701220997ae09208469ccd9,3845,OFFICIAL_WEBSITE,,[],COMPLEX_RELATIONSHIP,25,HUMAN_VALIDATED,400,MEDIUM,"[{""row_number"":26,""sample_position"":25,""sheet"":""REVIEW"",""source_identifier"":""xlsx:ambiguity_human_review_100.xlsx:sha256:5450081cd9db4c7cf6c6c1373ba9cfb25060032077c1cf619f672e25ec441d4f"",""type"":""HUMAN_REVIEW_WORKBOOK_ROW""},{""ambiguity_category"":""NO_MEANINGFUL_IDENTITY_SUPPORT"",""canonical_company_id"":3845,""row_number"":26,""sample_position"":25,""sheet"":""RAW DATA"",""type"":""DISCOVERY_AMBIGUITY_AUDIT_ROW""}]",2026-10-10T20:04:40Z,2026-10-10T20:04:40Z,2026-10-10T20:04:40Z,,REVIEW_ON_CONFLICT_OR_MATERIAL_COMPANY_CHANGE,[],[],"poznam firmo, vmes so naredili rebranding, so del korporacije Teads, teads.com; nisem mogel tega najti","{""ambiguity_category"":""NO_MEANINGFUL_IDENTITY_SUPPORT"",""benchmark_outcome"":""COMPLEX_BRAND_OR_GROUP_RELATIONSHIP"",""human_domain_in_stored_candidates"":false,""human_domain_is_diagnostic_leader"":false,""review_difficulty"":""NOT_STATED""}"
src_75cc2f84e2ce7716e0a6afb2f27b5a655a2503577eb11918ca52f83b83c86f41,HUMAN_REVIEW,xlsx:ambiguity_human_review_100.xlsx:sha256:5450081cd9db4c7cf6c6c1373ba9cfb25060032077c1cf619f672e25ec441d4f,Andrej Solinc,DISCOVERY_AMBIGUITY_HUMAN_REVIEW,1,2026-10-10T20:04:40Z,"{""raw_sheet"":""RAW DATA"",""review_sheet"":""REVIEW"",""reviewed_companies"":100,""workbook_filename"":""ambiguity_human_review_100.xlsx"",""workbook_sha256"":""5450081cd9db4c7cf6c6c1373ba9cfb25060032077c1cf619f672e25ec441d4f""}",assert_600b1a6c720cf4c1d3a3ee7f98f2eb88ead970f7c4056a2c1b433d7c57382272,15219,OFFICIAL_WEBSITE,https://pro-activ.si,"[""pro-activ.si""]",CONFIRMED_OFFICIAL_WEBSITE,26,HUMAN_VALIDATED,400,HIGH,"[{""row_number"":27,""sample_position"":26,""sheet"":""REVIEW"",""source_identifier"":""xlsx:ambiguity_human_review_100.xlsx:sha256:5450081cd9db4c7cf6c6c1373ba9cfb25060032077c1cf619f672e25ec441d4f"",""type"":""HUMAN_REVIEW_WORKBOOK_ROW""},{""ambiguity_category"":""NO_MEANINGFUL_IDENTITY_SUPPORT"",""canonical_company_id"":15219,""row_number"":27,""sample_position"":26,""sheet"":""RAW DATA"",""type"":""DISCOVERY_AMBIGUITY_AUDIT_ROW""}]",2026-10-10T20:04:40Z,2026-10-10T20:04:40Z,2026-10-10T20:04:40Z,,REVIEW_ON_CONFLICT_OR_MATERIAL_COMPANY_CHANGE,[],[],lahko najti; spletna stran se je dlje časa nalagala,"{""ambiguity_category"":""NO_MEANINGFUL_IDENTITY_SUPPORT"",""benchmark_outcome"":""OFFICIAL_EXISTS_BUT_SEARCH_MISSED"",""human_domain_in_stored_candidates"":false,""human_domain_is_diagnostic_leader"":false,""review_difficulty"":""EASY_TO_FIND""}"
src_75cc2f84e2ce7716e0a6afb2f27b5a655a2503577eb11918ca52f83b83c86f41,HUMAN_REVIEW,xlsx:ambiguity_human_review_100.xlsx:sha256:5450081cd9db4c7cf6c6c1373ba9cfb25060032077c1cf619f672e25ec441d4f,Andrej Solinc,DISCOVERY_AMBIGUITY_HUMAN_REVIEW,1,2026-10-10T20:04:40Z,"{""raw_sheet"":""RAW DATA"",""review_sheet"":""REVIEW"",""reviewed_companies"":100,""workbook_filename"":""ambiguity_human_review_100.xlsx"",""workbook_sha256"":""5450081cd9db4c7cf6c6c1373ba9cfb25060032077c1cf619f672e25ec441d4f""}",assert_b6e20b05e65d5acfb698d1557945d489c18b0556ce0a4241ee9206d5628ab4fc,13803,OFFICIAL_WEBSITE,https://www.enerko.si/kontakt.html,"[""enerko.si""]",CONFIRMED_OFFICIAL_WEBSITE,27,HUMAN_VALIDATED,400,HIGH,"[{""row_number"":28,""sample_position"":27,""sheet"":""REVIEW"",""source_identifier"":""xlsx:ambiguity_human_review_100.xlsx:sha256:5450081cd9db4c7cf6c6c1373ba9cfb25060032077c1cf619f672e25ec441d4f"",""type"":""HUMAN_REVIEW_WORKBOOK_ROW""},{""ambiguity_category"":""NO_MEANINGFUL_IDENTITY_SUPPORT"",""canonical_company_id"":13803,""row_number"":28,""sample_position"":27,""sheet"":""RAW DATA"",""type"":""DISCOVERY_AMBIGUITY_AUDIT_ROW""}]",2026-10-10T20:04:40Z,2026-10-10T20:04:40Z,2026-10-10T20:04:40Z,,REVIEW_ON_CONFLICT_OR_MATERIAL_COMPANY_CHANGE,[],[],lahko najti,"{""ambiguity_category"":""NO_MEANINGFUL_IDENTITY_SUPPORT"",""benchmark_outcome"":""OFFICIAL_EXISTS_BUT_SEARCH_MISSED"",""human_domain_in_stored_candidates"":false,""human_domain_is_diagnostic_leader"":false,""review_difficulty"":""EASY_TO_FIND""}"
src_75cc2f84e2ce7716e0a6afb2f27b5a655a2503577eb11918ca52f83b83c86f41,HUMAN_REVIEW,xlsx:ambiguity_human_review_100.xlsx:sha256:5450081cd9db4c7cf6c6c1373ba9cfb25060032077c1cf619f672e25ec441d4f,Andrej Solinc,DISCOVERY_AMBIGUITY_HUMAN_REVIEW,1,2026-10-10T20:04:40Z,"{""raw_sheet"":""RAW DATA"",""review_sheet"":""REVIEW"",""reviewed_companies"":100,""workbook_filename"":""ambiguity_human_review_100.xlsx"",""workbook_sha256"":""5450081cd9db4c7cf6c6c1373ba9cfb25060032077c1cf619f672e25ec441d4f""}",assert_fe8faa414725f0738dc3be15d1b6d2fefc9c3a5faff2f928bd9af8c95199cc5e,16991,OFFICIAL_WEBSITE,https://kik-gradnje.com,"[""kik-gradnje.com""]",CONFIRMED_OFFICIAL_WEBSITE,28,HUMAN_VALIDATED,400,HIGH,"[{""row_number"":29,""sample_position"":28,""sheet"":""REVIEW"",""source_identifier"":""xlsx:ambiguity_human_review_100.xlsx:sha256:5450081cd9db4c7cf6c6c1373ba9cfb25060032077c1cf619f672e25ec441d4f"",""type"":""HUMAN_REVIEW_WORKBOOK_ROW""},{""ambiguity_category"":""NO_MEANINGFUL_IDENTITY_SUPPORT"",""canonical_company_id"":16991,""row_number"":29,""sample_position"":28,""sheet"":""RAW DATA"",""type"":""DISCOVERY_AMBIGUITY_AUDIT_ROW""}]",2026-10-10T20:04:40Z,2026-10-10T20:04:40Z,2026-10-10T20:04:40Z,,REVIEW_ON_CONFLICT_OR_MATERIAL_COMPANY_CHANGE,[],[],lahko najti,"{""ambiguity_category"":""NO_MEANINGFUL_IDENTITY_SUPPORT"",""benchmark_outcome"":""OFFICIAL_EXISTS_BUT_SEARCH_MISSED"",""human_domain_in_stored_candidates"":false,""human_domain_is_diagnostic_leader"":false,""review_difficulty"":""EASY_TO_FIND""}"
src_75cc2f84e2ce7716e0a6afb2f27b5a655a2503577eb11918ca52f83b83c86f41,HUMAN_REVIEW,xlsx:ambiguity_human_review_100.xlsx:sha256:5450081cd9db4c7cf6c6c1373ba9cfb25060032077c1cf619f672e25ec441d4f,Andrej Solinc,DISCOVERY_AMBIGUITY_HUMAN_REVIEW,1,2026-10-10T20:04:40Z,"{""raw_sheet"":""RAW DATA"",""review_sheet"":""REVIEW"",""reviewed_companies"":100,""workbook_filename"":""ambiguity_human_review_100.xlsx"",""workbook_sha256"":""5450081cd9db4c7cf6c6c1373ba9cfb25060032077c1cf619f672e25ec441d4f""}",assert_c71f4667fcb0f1027a749ad0d8338851e0c134ec7c1994248d22e881a3bc166d,9322,OFFICIAL_WEBSITE,,[],WRONG_ENTITY_OR_CROSS_COUNTRY,29,HUMAN_VALIDATED,400,MEDIUM,"[{""row_number"":30,""sample_position"":29,""sheet"":""REVIEW"",""source_identifier"":""xlsx:ambiguity_human_review_100.xlsx:sha256:5450081cd9db4c7cf6c6c1373ba9cfb25060032077c1cf619f672e25ec441d4f"",""type"":""HUMAN_REVIEW_WORKBOOK_ROW""},{""ambiguity_category"":""NO_MEANINGFUL_IDENTITY_SUPPORT"",""canonical_company_id"":9322,""row_number"":30,""sample_position"":29,""sheet"":""RAW DATA"",""type"":""DISCOVERY_AMBIGUITY_AUDIT_ROW""}]",2026-10-10T20:04:40Z,2026-10-10T20:04:40Z,2026-10-10T20:04:40Z,,REVIEW_ON_CONFLICT_OR_MATERIAL_COMPANY_CHANGE,[],[],slovenske strani ni - samo srbska (dts.rs),"{""ambiguity_category"":""NO_MEANINGFUL_IDENTITY_SUPPORT"",""benchmark_outcome"":""WRONG_ENTITY_OR_CROSS_COUNTRY"",""human_domain_in_stored_candidates"":false,""human_domain_is_diagnostic_leader"":false,""review_difficulty"":""NOT_STATED""}"
src_75cc2f84e2ce7716e0a6afb2f27b5a655a2503577eb11918ca52f83b83c86f41,HUMAN_REVIEW,xlsx:ambiguity_human_review_100.xlsx:sha256:5450081cd9db4c7cf6c6c1373ba9cfb25060032077c1cf619f672e25ec441d4f,Andrej Solinc,DISCOVERY_AMBIGUITY_HUMAN_REVIEW,1,2026-10-10T20:04:40Z,"{""raw_sheet"":""RAW DATA"",""review_sheet"":""REVIEW"",""reviewed_companies"":100,""workbook_filename"":""ambiguity_human_review_100.xlsx"",""workbook_sha256"":""5450081cd9db4c7cf6c6c1373ba9cfb25060032077c1cf619f672e25ec441d4f""}",assert_63fe2e6870180897a32a41d84ffe5b21c6430186b17b9b82cd5145a124135cad,6437,OFFICIAL_WEBSITE,,[],LIKELY_NO_OFFICIAL_WEBSITE,30,HUMAN_VALIDATED,400,MEDIUM,"[{""row_number"":31,""sample_position"":30,""sheet"":""REVIEW"",""source_identifier"":""xlsx:ambiguity_human_review_100.xlsx:sha256:5450081cd9db4c7cf6c6c1373ba9cfb25060032077c1cf619f672e25ec441d4f"",""type"":""HUMAN_REVIEW_WORKBOOK_ROW""},{""ambiguity_category"":""NO_MEANINGFUL_IDENTITY_SUPPORT"",""canonical_company_id"":6437,""row_number"":31,""sample_position"":30,""sheet"":""RAW DATA"",""type"":""DISCOVERY_AMBIGUITY_AUDIT_ROW""}]",2026-10-10T20:04:40Z,2026-10-10T20:04:40Z,2026-10-10T20:04:40Z,,REVIEW_ON_CONFLICT_OR_MATERIAL_COMPANY_CHANGE,[],[],nisem našel www,"{""ambiguity_category"":""NO_MEANINGFUL_IDENTITY_SUPPORT"",""benchmark_outcome"":""LIKELY_NO_OFFICIAL_WEBSITE"",""human_domain_in_stored_candidates"":false,""human_domain_is_diagnostic_leader"":false,""review_difficulty"":""NOT_STATED""}"
src_75cc2f84e2ce7716e0a6afb2f27b5a655a2503577eb11918ca52f83b83c86f41,HUMAN_REVIEW,xlsx:ambiguity_human_review_100.xlsx:sha256:5450081cd9db4c7cf6c6c1373ba9cfb25060032077c1cf619f672e25ec441d4f,Andrej Solinc,DISCOVERY_AMBIGUITY_HUMAN_REVIEW,1,2026-10-10T20:04:40Z,"{""raw_sheet"":""RAW DATA"",""review_sheet"":""REVIEW"",""reviewed_companies"":100,""workbook_filename"":""ambiguity_human_review_100.xlsx"",""workbook_sha256"":""5450081cd9db4c7cf6c6c1373ba9cfb25060032077c1cf619f672e25ec441d4f""}",assert_f94f45f4c6ba4333b75dfa4627116d5423326a9778cb1fa280cb39a9321ea4cf,13008,OFFICIAL_WEBSITE,,[],LIKELY_NO_OFFICIAL_WEBSITE,31,HUMAN_VALIDATED,400,MEDIUM,"[{""row_number"":32,""sample_position"":31,""sheet"":""REVIEW"",""source_identifier"":""xlsx:ambiguity_human_review_100.xlsx:sha256:5450081cd9db4c7cf6c6c1373ba9cfb25060032077c1cf619f672e25ec441d4f"",""type"":""HUMAN_REVIEW_WORKBOOK_ROW""},{""ambiguity_category"":""THIRD_PARTY_NOISE_DOMINATES"",""canonical_company_id"":13008,""row_number"":32,""sample_position"":31,""sheet"":""RAW DATA"",""type"":""DISCOVERY_AMBIGUITY_AUDIT_ROW""}]",2026-10-10T20:04:40Z,2026-10-10T20:04:40Z,2026-10-10T20:04:40Z,,REVIEW_ON_CONFLICT_OR_MATERIAL_COMPANY_CHANGE,[],[],nisem našel www,"{""ambiguity_category"":""THIRD_PARTY_NOISE_DOMINATES"",""benchmark_outcome"":""LIKELY_NO_OFFICIAL_WEBSITE"",""human_domain_in_stored_candidates"":false,""human_domain_is_diagnostic_leader"":false,""review_difficulty"":""NOT_STATED""}"
src_75cc2f84e2ce7716e0a6afb2f27b5a655a2503577eb11918ca52f83b83c86f41,HUMAN_REVIEW,xlsx:ambiguity_human_review_100.xlsx:sha256:5450081cd9db4c7cf6c6c1373ba9cfb25060032077c1cf619f672e25ec441d4f,Andrej Solinc,DISCOVERY_AMBIGUITY_HUMAN_REVIEW,1,2026-10-10T20:04:40Z,"{""raw_sheet"":""RAW DATA"",""review_sheet"":""REVIEW"",""reviewed_companies"":100,""workbook_filename"":""ambiguity_human_review_100.xlsx"",""workbook_sha256"":""5450081cd9db4c7cf6c6c1373ba9cfb25060032077c1cf619f672e25ec441d4f""}",assert_e546202c080b563c3367cb354c6d6be65ceac64b79b7b6ef98dd0897c8398798,12933,OFFICIAL_WEBSITE,vda.si,"[""vda.si""]",CONFIRMED_OFFICIAL_WEBSITE,32,HUMAN_VALIDATED,400,HIGH,"[{""row_number"":33,""sample_position"":32,""sheet"":""REVIEW"",""source_identifier"":""xlsx:ambiguity_human_review_100.xlsx:sha256:5450081cd9db4c7cf6c6c1373ba9cfb25060032077c1cf619f672e25ec441d4f"",""type"":""HUMAN_REVIEW_WORKBOOK_ROW""},{""ambiguity_category"":""THIRD_PARTY_NOISE_DOMINATES"",""canonical_company_id"":12933,""row_number"":33,""sample_position"":32,""sheet"":""RAW DATA"",""type"":""DISCOVERY_AMBIGUITY_AUDIT_ROW""}]",2026-10-10T20:04:40Z,2026-10-10T20:04:40Z,2026-10-10T20:04:40Z,,REVIEW_ON_CONFLICT_OR_MATERIAL_COMPANY_CHANGE,[],[],lahko najti,"{""ambiguity_category"":""THIRD_PARTY_NOISE_DOMINATES"",""benchmark_outcome"":""CORRECT_DOMAIN_PRESENT_BUT_NOT_SELECTED"",""human_domain_in_stored_candidates"":true,""human_domain_is_diagnostic_leader"":false,""review_difficulty"":""EASY_TO_FIND""}"
src_75cc2f84e2ce7716e0a6afb2f27b5a655a2503577eb11918ca52f83b83c86f41,HUMAN_REVIEW,xlsx:ambiguity_human_review_100.xlsx:sha256:5450081cd9db4c7cf6c6c1373ba9cfb25060032077c1cf619f672e25ec441d4f,Andrej Solinc,DISCOVERY_AMBIGUITY_HUMAN_REVIEW,1,2026-10-10T20:04:40Z,"{""raw_sheet"":""RAW DATA"",""review_sheet"":""REVIEW"",""reviewed_companies"":100,""workbook_filename"":""ambiguity_human_review_100.xlsx"",""workbook_sha256"":""5450081cd9db4c7cf6c6c1373ba9cfb25060032077c1cf619f672e25ec441d4f""}",assert_49ba92ad8f837f762259e3f0ff1ae86d943816b1486b9add0dd6c8dfcfd31f92,11609,OFFICIAL_WEBSITE,,[],LIKELY_NO_OFFICIAL_WEBSITE,33,HUMAN_VALIDATED,400,MEDIUM,"[{""row_number"":34,""sample_position"":33,""sheet"":""REVIEW"",""source_identifier"":""xlsx:ambiguity_human_review_100.xlsx:sha256:5450081cd9db4c7cf6c6c1373ba9cfb25060032077c1cf619f672e25ec441d4f"",""type"":""HUMAN_REVIEW_WORKBOOK_ROW""},{""ambiguity_category"":""THIRD_PARTY_NOISE_DOMINATES"",""canonical_company_id"":11609,""row_number"":34,""sample_position"":33,""sheet"":""RAW DATA"",""type"":""DISCOVERY_AMBIGUITY_AUDIT_ROW""}]",2026-10-10T20:04:40Z,2026-10-10T20:04:40Z,2026-10-10T20:04:40Z,,REVIEW_ON_CONFLICT_OR_MATERIAL_COMPANY_CHANGE,[],[],nisem našel www,"{""ambiguity_category"":""THIRD_PARTY_NOISE_DOMINATES"",""benchmark_outcome"":""LIKELY_NO_OFFICIAL_WEBSITE"",""human_domain_in_stored_candidates"":false,""human_domain_is_diagnostic_leader"":false,""review_difficulty"":""NOT_STATED""}"
src_75cc2f84e2ce7716e0a6afb2f27b5a655a2503577eb11918ca52f83b83c86f41,HUMAN_REVIEW,xlsx:ambiguity_human_review_100.xlsx:sha256:5450081cd9db4c7cf6c6c1373ba9cfb25060032077c1cf619f672e25ec441d4f,Andrej Solinc,DISCOVERY_AMBIGUITY_HUMAN_REVIEW,1,2026-10-10T20:04:40Z,"{""raw_sheet"":""RAW DATA"",""review_sheet"":""REVIEW"",""reviewed_companies"":100,""workbook_filename"":""ambiguity_human_review_100.xlsx"",""workbook_sha256"":""5450081cd9db4c7cf6c6c1373ba9cfb25060032077c1cf619f672e25ec441d4f""}",assert_11ca6531804f82a0e262e730d6fe523832c446a4eefe6690fe64138aec6c8325,13836,OFFICIAL_WEBSITE,,[],LIKELY_NO_OFFICIAL_WEBSITE,34,HUMAN_VALIDATED,400,MEDIUM,"[{""row_number"":35,""sample_position"":34,""sheet"":""REVIEW"",""source_identifier"":""xlsx:ambiguity_human_review_100.xlsx:sha256:5450081cd9db4c7cf6c6c1373ba9cfb25060032077c1cf619f672e25ec441d4f"",""type"":""HUMAN_REVIEW_WORKBOOK_ROW""},{""ambiguity_category"":""THIRD_PARTY_NOISE_DOMINATES"",""canonical_company_id"":13836,""row_number"":35,""sample_position"":34,""sheet"":""RAW DATA"",""type"":""DISCOVERY_AMBIGUITY_AUDIT_ROW""}]",2026-10-10T20:04:40Z,2026-10-10T20:04:40Z,2026-10-10T20:04:40Z,,REVIEW_ON_CONFLICT_OR_MATERIAL_COMPANY_CHANGE,[],[],nisem našel www,"{""ambiguity_category"":""THIRD_PARTY_NOISE_DOMINATES"",""benchmark_outcome"":""LIKELY_NO_OFFICIAL_WEBSITE"",""human_domain_in_stored_candidates"":false,""human_domain_is_diagnostic_leader"":false,""review_difficulty"":""NOT_STATED""}"
src_75cc2f84e2ce7716e0a6afb2f27b5a655a2503577eb11918ca52f83b83c86f41,HUMAN_REVIEW,xlsx:ambiguity_human_review_100.xlsx:sha256:5450081cd9db4c7cf6c6c1373ba9cfb25060032077c1cf619f672e25ec441d4f,Andrej Solinc,DISCOVERY_AMBIGUITY_HUMAN_REVIEW,1,2026-10-10T20:04:40Z,"{""raw_sheet"":""RAW DATA"",""review_sheet"":""REVIEW"",""reviewed_companies"":100,""workbook_filename"":""ambiguity_human_review_100.xlsx"",""workbook_sha256"":""5450081cd9db4c7cf6c6c1373ba9cfb25060032077c1cf619f672e25ec441d4f""}",assert_6e0839571c41e1797f9d3f74d8ebcb289dcf28aa3c3f548cb2dd22a662eb08a7,15969,OFFICIAL_WEBSITE,,[],LIKELY_NO_OFFICIAL_WEBSITE,35,HUMAN_VALIDATED,400,MEDIUM,"[{""row_number"":36,""sample_position"":35,""sheet"":""REVIEW"",""source_identifier"":""xlsx:ambiguity_human_review_100.xlsx:sha256:5450081cd9db4c7cf6c6c1373ba9cfb25060032077c1cf619f672e25ec441d4f"",""type"":""HUMAN_REVIEW_WORKBOOK_ROW""},{""ambiguity_category"":""THIRD_PARTY_NOISE_DOMINATES"",""canonical_company_id"":15969,""row_number"":36,""sample_position"":35,""sheet"":""RAW DATA"",""type"":""DISCOVERY_AMBIGUITY_AUDIT_ROW""}]",2026-10-10T20:04:40Z,2026-10-10T20:04:40Z,2026-10-10T20:04:40Z,,REVIEW_ON_CONFLICT_OR_MATERIAL_COMPANY_CHANGE,[],[],nisem našel www,"{""ambiguity_category"":""THIRD_PARTY_NOISE_DOMINATES"",""benchmark_outcome"":""LIKELY_NO_OFFICIAL_WEBSITE"",""human_domain_in_stored_candidates"":false,""human_domain_is_diagnostic_leader"":false,""review_difficulty"":""NOT_STATED""}"
src_75cc2f84e2ce7716e0a6afb2f27b5a655a2503577eb11918ca52f83b83c86f41,HUMAN_REVIEW,xlsx:ambiguity_human_review_100.xlsx:sha256:5450081cd9db4c7cf6c6c1373ba9cfb25060032077c1cf619f672e25ec441d4f,Andrej Solinc,DISCOVERY_AMBIGUITY_HUMAN_REVIEW,1,2026-10-10T20:04:40Z,"{""raw_sheet"":""RAW DATA"",""review_sheet"":""REVIEW"",""reviewed_companies"":100,""workbook_filename"":""ambiguity_human_review_100.xlsx"",""workbook_sha256"":""5450081cd9db4c7cf6c6c1373ba9cfb25060032077c1cf619f672e25ec441d4f""}",assert_50633dcb186557e4c70cd88f06cdeb407c69480e28bd456f0b12ddec402ab354,15619,OFFICIAL_WEBSITE,,[],LIKELY_NO_OFFICIAL_WEBSITE,36,HUMAN_VALIDATED,400,MEDIUM,"[{""row_number"":37,""sample_position"":36,""sheet"":""REVIEW"",""source_identifier"":""xlsx:ambiguity_human_review_100.xlsx:sha256:5450081cd9db4c7cf6c6c1373ba9cfb25060032077c1cf619f672e25ec441d4f"",""type"":""HUMAN_REVIEW_WORKBOOK_ROW""},{""ambiguity_category"":""THIRD_PARTY_NOISE_DOMINATES"",""canonical_company_id"":15619,""row_number"":37,""sample_position"":36,""sheet"":""RAW DATA"",""type"":""DISCOVERY_AMBIGUITY_AUDIT_ROW""}]",2026-10-10T20:04:40Z,2026-10-10T20:04:40Z,2026-10-10T20:04:40Z,,REVIEW_ON_CONFLICT_OR_MATERIAL_COMPANY_CHANGE,[],[],nisem našel www,"{""ambiguity_category"":""THIRD_PARTY_NOISE_DOMINATES"",""benchmark_outcome"":""LIKELY_NO_OFFICIAL_WEBSITE"",""human_domain_in_stored_candidates"":false,""human_domain_is_diagnostic_leader"":false,""review_difficulty"":""NOT_STATED""}"
src_75cc2f84e2ce7716e0a6afb2f27b5a655a2503577eb11918ca52f83b83c86f41,HUMAN_REVIEW,xlsx:ambiguity_human_review_100.xlsx:sha256:5450081cd9db4c7cf6c6c1373ba9cfb25060032077c1cf619f672e25ec441d4f,Andrej Solinc,DISCOVERY_AMBIGUITY_HUMAN_REVIEW,1,2026-10-10T20:04:40Z,"{""raw_sheet"":""RAW DATA"",""review_sheet"":""REVIEW"",""reviewed_companies"":100,""workbook_filename"":""ambiguity_human_review_100.xlsx"",""workbook_sha256"":""5450081cd9db4c7cf6c6c1373ba9cfb25060032077c1cf619f672e25ec441d4f""}",assert_c8a28c10b7de387c86ac2015e278ae0b00289890d7ee0d332fc3200cb58133de,10358,OFFICIAL_WEBSITE,https://dahgroupdoo.com,"[""dahgroupdoo.com""]",CONFIRMED_OFFICIAL_WEBSITE,37,HUMAN_VALIDATED,400,HIGH,"[{""row_number"":38,""sample_position"":37,""sheet"":""REVIEW"",""source_identifier"":""xlsx:ambiguity_human_review_100.xlsx:sha256:5450081cd9db4c7cf6c6c1373ba9cfb25060032077c1cf619f672e25ec441d4f"",""type"":""HUMAN_REVIEW_WORKBOOK_ROW""},{""ambiguity_category"":""THIRD_PARTY_NOISE_DOMINATES"",""canonical_company_id"":10358,""row_number"":38,""sample_position"":37,""sheet"":""RAW DATA"",""type"":""DISCOVERY_AMBIGUITY_AUDIT_ROW""}]",2026-10-10T20:04:40Z,2026-10-10T20:04:40Z,2026-10-10T20:04:40Z,,REVIEW_ON_CONFLICT_OR_MATERIAL_COMPANY_CHANGE,[],[],težko najti,"{""ambiguity_category"":""THIRD_PARTY_NOISE_DOMINATES"",""benchmark_outcome"":""CORRECT_DOMAIN_ALREADY_IN_STORED_EVIDENCE"",""human_domain_in_stored_candidates"":true,""human_domain_is_diagnostic_leader"":true,""review_difficulty"":""DIFFICULT_TO_FIND""}"
src_75cc2f84e2ce7716e0a6afb2f27b5a655a2503577eb11918ca52f83b83c86f41,HUMAN_REVIEW,xlsx:ambiguity_human_review_100.xlsx:sha256:5450081cd9db4c7cf6c6c1373ba9cfb25060032077c1cf619f672e25ec441d4f,Andrej Solinc,DISCOVERY_AMBIGUITY_HUMAN_REVIEW,1,2026-10-10T20:04:40Z,"{""raw_sheet"":""RAW DATA"",""review_sheet"":""REVIEW"",""reviewed_companies"":100,""workbook_filename"":""ambiguity_human_review_100.xlsx"",""workbook_sha256"":""5450081cd9db4c7cf6c6c1373ba9cfb25060032077c1cf619f672e25ec441d4f""}",assert_f91860e6e1b3c0b08ce497d28336d344ee057c7f6692732b381b227707a4e85a,2241,OFFICIAL_WEBSITE,,[],LIKELY_NO_OFFICIAL_WEBSITE,38,HUMAN_VALIDATED,400,MEDIUM,"[{""row_number"":39,""sample_position"":38,""sheet"":""REVIEW"",""source_identifier"":""xlsx:ambiguity_human_review_100.xlsx:sha256:5450081cd9db4c7cf6c6c1373ba9cfb25060032077c1cf619f672e25ec441d4f"",""type"":""HUMAN_REVIEW_WORKBOOK_ROW""},{""ambiguity_category"":""THIRD_PARTY_NOISE_DOMINATES"",""canonical_company_id"":2241,""row_number"":39,""sample_position"":38,""sheet"":""RAW DATA"",""type"":""DISCOVERY_AMBIGUITY_AUDIT_ROW""}]",2026-10-10T20:04:40Z,2026-10-10T20:04:40Z,2026-10-10T20:04:40Z,,REVIEW_ON_CONFLICT_OR_MATERIAL_COMPANY_CHANGE,[],[],nisem našel www,"{""ambiguity_category"":""THIRD_PARTY_NOISE_DOMINATES"",""benchmark_outcome"":""LIKELY_NO_OFFICIAL_WEBSITE"",""human_domain_in_stored_candidates"":false,""human_domain_is_diagnostic_leader"":false,""review_difficulty"":""NOT_STATED""}"
src_75cc2f84e2ce7716e0a6afb2f27b5a655a2503577eb11918ca52f83b83c86f41,HUMAN_REVIEW,xlsx:ambiguity_human_review_100.xlsx:sha256:5450081cd9db4c7cf6c6c1373ba9cfb25060032077c1cf619f672e25ec441d4f,Andrej Solinc,DISCOVERY_AMBIGUITY_HUMAN_REVIEW,1,2026-10-10T20:04:40Z,"{""raw_sheet"":""RAW DATA"",""review_sheet"":""REVIEW"",""reviewed_companies"":100,""workbook_filename"":""ambiguity_human_review_100.xlsx"",""workbook_sha256"":""5450081cd9db4c7cf6c6c1373ba9cfb25060032077c1cf619f672e25ec441d4f""}",assert_c6cc2d071b873bb274bb1f53c8cb8db38c556fec70b5c69d2a81ed1eeb5e69e8,18128,OFFICIAL_WEBSITE,,[],LIKELY_NO_OFFICIAL_WEBSITE,39,HUMAN_VALIDATED,400,MEDIUM,"[{""row_number"":40,""sample_position"":39,""sheet"":""REVIEW"",""source_identifier"":""xlsx:ambiguity_human_review_100.xlsx:sha256:5450081cd9db4c7cf6c6c1373ba9cfb25060032077c1cf619f672e25ec441d4f"",""type"":""HUMAN_REVIEW_WORKBOOK_ROW""},{""ambiguity_category"":""THIRD_PARTY_NOISE_DOMINATES"",""canonical_company_id"":18128,""row_number"":40,""sample_position"":39,""sheet"":""RAW DATA"",""type"":""DISCOVERY_AMBIGUITY_AUDIT_ROW""}]",2026-10-10T20:04:40Z,2026-10-10T20:04:40Z,2026-10-10T20:04:40Z,,REVIEW_ON_CONFLICT_OR_MATERIAL_COMPANY_CHANGE,[],[],nisem našel www,"{""ambiguity_category"":""THIRD_PARTY_NOISE_DOMINATES"",""benchmark_outcome"":""LIKELY_NO_OFFICIAL_WEBSITE"",""human_domain_in_stored_candidates"":false,""human_domain_is_diagnostic_leader"":false,""review_difficulty"":""NOT_STATED""}"
src_75cc2f84e2ce7716e0a6afb2f27b5a655a2503577eb11918ca52f83b83c86f41,HUMAN_REVIEW,xlsx:ambiguity_human_review_100.xlsx:sha256:5450081cd9db4c7cf6c6c1373ba9cfb25060032077c1cf619f672e25ec441d4f,Andrej Solinc,DISCOVERY_AMBIGUITY_HUMAN_REVIEW,1,2026-10-10T20:04:40Z,"{""raw_sheet"":""RAW DATA"",""review_sheet"":""REVIEW"",""reviewed_companies"":100,""workbook_filename"":""ambiguity_human_review_100.xlsx"",""workbook_sha256"":""5450081cd9db4c7cf6c6c1373ba9cfb25060032077c1cf619f672e25ec441d4f""}",assert_78ed259a4648b31639f1ee260ead8a65a5b9113af9a384def30ce98ccac12933,16864,OFFICIAL_WEBSITE,,[],LIKELY_NO_OFFICIAL_WEBSITE,40,HUMAN_VALIDATED,400,MEDIUM,"[{""row_number"":41,""sample_position"":40,""sheet"":""REVIEW"",""source_identifier"":""xlsx:ambiguity_human_review_100.xlsx:sha256:5450081cd9db4c7cf6c6c1373ba9cfb25060032077c1cf619f672e25ec441d4f"",""type"":""HUMAN_REVIEW_WORKBOOK_ROW""},{""ambiguity_category"":""THIRD_PARTY_NOISE_DOMINATES"",""canonical_company_id"":16864,""row_number"":41,""sample_position"":40,""sheet"":""RAW DATA"",""type"":""DISCOVERY_AMBIGUITY_AUDIT_ROW""}]",2026-10-10T20:04:40Z,2026-10-10T20:04:40Z,2026-10-10T20:04:40Z,,REVIEW_ON_CONFLICT_OR_MATERIAL_COMPANY_CHANGE,[],[],nisem našel www,"{""ambiguity_category"":""THIRD_PARTY_NOISE_DOMINATES"",""benchmark_outcome"":""LIKELY_NO_OFFICIAL_WEBSITE"",""human_domain_in_stored_candidates"":false,""human_domain_is_diagnostic_leader"":false,""review_difficulty"":""NOT_STATED""}"
src_75cc2f84e2ce7716e0a6afb2f27b5a655a2503577eb11918ca52f83b83c86f41,HUMAN_REVIEW,xlsx:ambiguity_human_review_100.xlsx:sha256:5450081cd9db4c7cf6c6c1373ba9cfb25060032077c1cf619f672e25ec441d4f,Andrej Solinc,DISCOVERY_AMBIGUITY_HUMAN_REVIEW,1,2026-10-10T20:04:40Z,"{""raw_sheet"":""RAW DATA"",""review_sheet"":""REVIEW"",""reviewed_companies"":100,""workbook_filename"":""ambiguity_human_review_100.xlsx"",""workbook_sha256"":""5450081cd9db4c7cf6c6c1373ba9cfb25060032077c1cf619f672e25ec441d4f""}",assert_46e069ddb9a946602fb50de1238019ebfd53c957ffb10b7f1f6c6f3433e840f6,15177,OFFICIAL_WEBSITE,,[],LIKELY_NO_OFFICIAL_WEBSITE,41,HUMAN_VALIDATED,400,MEDIUM,"[{""row_number"":42,""sample_position"":41,""sheet"":""REVIEW"",""source_identifier"":""xlsx:ambiguity_human_review_100.xlsx:sha256:5450081cd9db4c7cf6c6c1373ba9cfb25060032077c1cf619f672e25ec441d4f"",""type"":""HUMAN_REVIEW_WORKBOOK_ROW""},{""ambiguity_category"":""THIRD_PARTY_NOISE_DOMINATES"",""canonical_company_id"":15177,""row_number"":42,""sample_position"":41,""sheet"":""RAW DATA"",""type"":""DISCOVERY_AMBIGUITY_AUDIT_ROW""}]",2026-10-10T20:04:40Z,2026-10-10T20:04:40Z,2026-10-10T20:04:40Z,,REVIEW_ON_CONFLICT_OR_MATERIAL_COMPANY_CHANGE,[],[],nisem našel www,"{""ambiguity_category"":""THIRD_PARTY_NOISE_DOMINATES"",""benchmark_outcome"":""LIKELY_NO_OFFICIAL_WEBSITE"",""human_domain_in_stored_candidates"":false,""human_domain_is_diagnostic_leader"":false,""review_difficulty"":""NOT_STATED""}"
src_75cc2f84e2ce7716e0a6afb2f27b5a655a2503577eb11918ca52f83b83c86f41,HUMAN_REVIEW,xlsx:ambiguity_human_review_100.xlsx:sha256:5450081cd9db4c7cf6c6c1373ba9cfb25060032077c1cf619f672e25ec441d4f,Andrej Solinc,DISCOVERY_AMBIGUITY_HUMAN_REVIEW,1,2026-10-10T20:04:40Z,"{""raw_sheet"":""RAW DATA"",""review_sheet"":""REVIEW"",""reviewed_companies"":100,""workbook_filename"":""ambiguity_human_review_100.xlsx"",""workbook_sha256"":""5450081cd9db4c7cf6c6c1373ba9cfb25060032077c1cf619f672e25ec441d4f""}",assert_154ec475b016547fd460db63de14dd1bec4fea7c05cc5ec69d2c6b46b777f504,10419,OFFICIAL_WEBSITE,http://amat.si/kmalu/,"[""amat.si""]",CONFIRMED_OFFICIAL_WEBSITE,42,HUMAN_VALIDATED,400,HIGH,"[{""row_number"":43,""sample_position"":42,""sheet"":""REVIEW"",""source_identifier"":""xlsx:ambiguity_human_review_100.xlsx:sha256:5450081cd9db4c7cf6c6c1373ba9cfb25060032077c1cf619f672e25ec441d4f"",""type"":""HUMAN_REVIEW_WORKBOOK_ROW""},{""ambiguity_category"":""THIRD_PARTY_NOISE_DOMINATES"",""canonical_company_id"":10419,""row_number"":43,""sample_position"":42,""sheet"":""RAW DATA"",""type"":""DISCOVERY_AMBIGUITY_AUDIT_ROW""}]",2026-10-10T20:04:40Z,2026-10-10T20:04:40Z,2026-10-10T20:04:40Z,,REVIEW_ON_CONFLICT_OR_MATERIAL_COMPANY_CHANGE,[],[],stran brez vsebine,"{""ambiguity_category"":""THIRD_PARTY_NOISE_DOMINATES"",""benchmark_outcome"":""CORRECT_DOMAIN_PRESENT_BUT_NOT_SELECTED"",""human_domain_in_stored_candidates"":true,""human_domain_is_diagnostic_leader"":false,""review_difficulty"":""NOT_STATED""}"
src_75cc2f84e2ce7716e0a6afb2f27b5a655a2503577eb11918ca52f83b83c86f41,HUMAN_REVIEW,xlsx:ambiguity_human_review_100.xlsx:sha256:5450081cd9db4c7cf6c6c1373ba9cfb25060032077c1cf619f672e25ec441d4f,Andrej Solinc,DISCOVERY_AMBIGUITY_HUMAN_REVIEW,1,2026-10-10T20:04:40Z,"{""raw_sheet"":""RAW DATA"",""review_sheet"":""REVIEW"",""reviewed_companies"":100,""workbook_filename"":""ambiguity_human_review_100.xlsx"",""workbook_sha256"":""5450081cd9db4c7cf6c6c1373ba9cfb25060032077c1cf619f672e25ec441d4f""}",assert_f4624f1007cbda73b5baaed7583fe00652a18dea47b1751fb7b69e733aa0a04e,6317,OFFICIAL_WEBSITE,,[],LIKELY_NO_OFFICIAL_WEBSITE,43,HUMAN_VALIDATED,400,MEDIUM,"[{""row_number"":44,""sample_position"":43,""sheet"":""REVIEW"",""source_identifier"":""xlsx:ambiguity_human_review_100.xlsx:sha256:5450081cd9db4c7cf6c6c1373ba9cfb25060032077c1cf619f672e25ec441d4f"",""type"":""HUMAN_REVIEW_WORKBOOK_ROW""},{""ambiguity_category"":""THIRD_PARTY_NOISE_DOMINATES"",""canonical_company_id"":6317,""row_number"":44,""sample_position"":43,""sheet"":""RAW DATA"",""type"":""DISCOVERY_AMBIGUITY_AUDIT_ROW""}]",2026-10-10T20:04:40Z,2026-10-10T20:04:40Z,2026-10-10T20:04:40Z,,REVIEW_ON_CONFLICT_OR_MATERIAL_COMPANY_CHANGE,[],[],nisem našel www,"{""ambiguity_category"":""THIRD_PARTY_NOISE_DOMINATES"",""benchmark_outcome"":""LIKELY_NO_OFFICIAL_WEBSITE"",""human_domain_in_stored_candidates"":false,""human_domain_is_diagnostic_leader"":false,""review_difficulty"":""NOT_STATED""}"
src_75cc2f84e2ce7716e0a6afb2f27b5a655a2503577eb11918ca52f83b83c86f41,HUMAN_REVIEW,xlsx:ambiguity_human_review_100.xlsx:sha256:5450081cd9db4c7cf6c6c1373ba9cfb25060032077c1cf619f672e25ec441d4f,Andrej Solinc,DISCOVERY_AMBIGUITY_HUMAN_REVIEW,1,2026-10-10T20:04:40Z,"{""raw_sheet"":""RAW DATA"",""review_sheet"":""REVIEW"",""reviewed_companies"":100,""workbook_filename"":""ambiguity_human_review_100.xlsx"",""workbook_sha256"":""5450081cd9db4c7cf6c6c1373ba9cfb25060032077c1cf619f672e25ec441d4f""}",assert_a264f6f8ed7a306d771efc5fa15b07fb4d03442f3a77340c3b929b579996dfeb,763,OFFICIAL_WEBSITE,,[],UNRESOLVED_INSUFFICIENT_EVIDENCE,44,HUMAN_VALIDATED,400,,"[{""row_number"":45,""sample_position"":44,""sheet"":""REVIEW"",""source_identifier"":""xlsx:ambiguity_human_review_100.xlsx:sha256:5450081cd9db4c7cf6c6c1373ba9cfb25060032077c1cf619f672e25ec441d4f"",""type"":""HUMAN_REVIEW_WORKBOOK_ROW""},{""ambiguity_category"":""THIRD_PARTY_NOISE_DOMINATES"",""canonical_company_id"":763,""row_number"":45,""sample_position"":44,""sheet"":""RAW DATA"",""type"":""DISCOVERY_AMBIGUITY_AUDIT_ROW""}]",2026-10-10T20:04:40Z,2026-10-10T20:04:40Z,2026-10-10T20:04:40Z,,REVIEW_ON_CONFLICT_OR_MATERIAL_COMPANY_CHANGE,[],[],naj bi bila ffgroup.si vendar nima vsebine,"{""ambiguity_category"":""THIRD_PARTY_NOISE_DOMINATES"",""benchmark_outcome"":""HUMAN_REVIEW_UNRESOLVED"",""human_domain_in_stored_candidates"":false,""human_domain_is_diagnostic_leader"":false,""review_difficulty"":""NOT_STATED""}"
src_75cc2f84e2ce7716e0a6afb2f27b5a655a2503577eb11918ca52f83b83c86f41,HUMAN_REVIEW,xlsx:ambiguity_human_review_100.xlsx:sha256:5450081cd9db4c7cf6c6c1373ba9cfb25060032077c1cf619f672e25ec441d4f,Andrej Solinc,DISCOVERY_AMBIGUITY_HUMAN_REVIEW,1,2026-10-10T20:04:40Z,"{""raw_sheet"":""RAW DATA"",""review_sheet"":""REVIEW"",""reviewed_companies"":100,""workbook_filename"":""ambiguity_human_review_100.xlsx"",""workbook_sha256"":""5450081cd9db4c7cf6c6c1373ba9cfb25060032077c1cf619f672e25ec441d4f""}",assert_6727ee1988b751940fd123e30d81044ceb785ea3d263dfba4ae59d9d4a7325d2,10224,OFFICIAL_WEBSITE,https://www.sbus.si/o-nas,"[""sbus.si""]",CONFIRMED_OFFICIAL_WEBSITE,45,HUMAN_VALIDATED,400,HIGH,"[{""row_number"":46,""sample_position"":45,""sheet"":""REVIEW"",""source_identifier"":""xlsx:ambiguity_human_review_100.xlsx:sha256:5450081cd9db4c7cf6c6c1373ba9cfb25060032077c1cf619f672e25ec441d4f"",""type"":""HUMAN_REVIEW_WORKBOOK_ROW""},{""ambiguity_category"":""THIRD_PARTY_NOISE_DOMINATES"",""canonical_company_id"":10224,""row_number"":46,""sample_position"":45,""sheet"":""RAW DATA"",""type"":""DISCOVERY_AMBIGUITY_AUDIT_ROW""}]",2026-10-10T20:04:40Z,2026-10-10T20:04:40Z,2026-10-10T20:04:40Z,,REVIEW_ON_CONFLICT_OR_MATERIAL_COMPANY_CHANGE,[],[],težko najti,"{""ambiguity_category"":""THIRD_PARTY_NOISE_DOMINATES"",""benchmark_outcome"":""OFFICIAL_EXISTS_BUT_SEARCH_MISSED"",""human_domain_in_stored_candidates"":false,""human_domain_is_diagnostic_leader"":false,""review_difficulty"":""DIFFICULT_TO_FIND""}"
src_75cc2f84e2ce7716e0a6afb2f27b5a655a2503577eb11918ca52f83b83c86f41,HUMAN_REVIEW,xlsx:ambiguity_human_review_100.xlsx:sha256:5450081cd9db4c7cf6c6c1373ba9cfb25060032077c1cf619f672e25ec441d4f,Andrej Solinc,DISCOVERY_AMBIGUITY_HUMAN_REVIEW,1,2026-10-10T20:04:40Z,"{""raw_sheet"":""RAW DATA"",""review_sheet"":""REVIEW"",""reviewed_companies"":100,""workbook_filename"":""ambiguity_human_review_100.xlsx"",""workbook_sha256"":""5450081cd9db4c7cf6c6c1373ba9cfb25060032077c1cf619f672e25ec441d4f""}",assert_72fb7e603253a1ce408707615d4aec1ca95c9cce2a986d675938424b8dce432f,15980,OFFICIAL_WEBSITE,https://www.w3b.si/,"[""w3b.si""]",CONFIRMED_OFFICIAL_WEBSITE,46,HUMAN_VALIDATED,400,HIGH,"[{""row_number"":47,""sample_position"":46,""sheet"":""REVIEW"",""source_identifier"":""xlsx:ambiguity_human_review_100.xlsx:sha256:5450081cd9db4c7cf6c6c1373ba9cfb25060032077c1cf619f672e25ec441d4f"",""type"":""HUMAN_REVIEW_WORKBOOK_ROW""},{""ambiguity_category"":""THIRD_PARTY_NOISE_DOMINATES"",""canonical_company_id"":15980,""row_number"":47,""sample_position"":46,""sheet"":""RAW DATA"",""type"":""DISCOVERY_AMBIGUITY_AUDIT_ROW""}]",2026-10-10T20:04:40Z,2026-10-10T20:04:40Z,2026-10-10T20:04:40Z,,REVIEW_ON_CONFLICT_OR_MATERIAL_COMPANY_CHANGE,[],[],,"{""ambiguity_category"":""THIRD_PARTY_NOISE_DOMINATES"",""benchmark_outcome"":""CORRECT_DOMAIN_PRESENT_BUT_NOT_SELECTED"",""human_domain_in_stored_candidates"":true,""human_domain_is_diagnostic_leader"":false,""review_difficulty"":""NOT_STATED""}"
src_75cc2f84e2ce7716e0a6afb2f27b5a655a2503577eb11918ca52f83b83c86f41,HUMAN_REVIEW,xlsx:ambiguity_human_review_100.xlsx:sha256:5450081cd9db4c7cf6c6c1373ba9cfb25060032077c1cf619f672e25ec441d4f,Andrej Solinc,DISCOVERY_AMBIGUITY_HUMAN_REVIEW,1,2026-10-10T20:04:40Z,"{""raw_sheet"":""RAW DATA"",""review_sheet"":""REVIEW"",""reviewed_companies"":100,""workbook_filename"":""ambiguity_human_review_100.xlsx"",""workbook_sha256"":""5450081cd9db4c7cf6c6c1373ba9cfb25060032077c1cf619f672e25ec441d4f""}",assert_fb7db4cbdccc3c3d8d536238b4ce8a572dc8698c2bd546b1e021e1b9bfe98b49,14390,OFFICIAL_WEBSITE,,[],LIKELY_NO_OFFICIAL_WEBSITE,47,HUMAN_VALIDATED,400,MEDIUM,"[{""row_number"":48,""sample_position"":47,""sheet"":""REVIEW"",""source_identifier"":""xlsx:ambiguity_human_review_100.xlsx:sha256:5450081cd9db4c7cf6c6c1373ba9cfb25060032077c1cf619f672e25ec441d4f"",""type"":""HUMAN_REVIEW_WORKBOOK_ROW""},{""ambiguity_category"":""THIRD_PARTY_NOISE_DOMINATES"",""canonical_company_id"":14390,""row_number"":48,""sample_position"":47,""sheet"":""RAW DATA"",""type"":""DISCOVERY_AMBIGUITY_AUDIT_ROW""}]",2026-10-10T20:04:40Z,2026-10-10T20:04:40Z,2026-10-10T20:04:40Z,,REVIEW_ON_CONFLICT_OR_MATERIAL_COMPANY_CHANGE,[],[],nisem našel www,"{""ambiguity_category"":""THIRD_PARTY_NOISE_DOMINATES"",""benchmark_outcome"":""LIKELY_NO_OFFICIAL_WEBSITE"",""human_domain_in_stored_candidates"":false,""human_domain_is_diagnostic_leader"":false,""review_difficulty"":""NOT_STATED""}"
src_75cc2f84e2ce7716e0a6afb2f27b5a655a2503577eb11918ca52f83b83c86f41,HUMAN_REVIEW,xlsx:ambiguity_human_review_100.xlsx:sha256:5450081cd9db4c7cf6c6c1373ba9cfb25060032077c1cf619f672e25ec441d4f,Andrej Solinc,DISCOVERY_AMBIGUITY_HUMAN_REVIEW,1,2026-10-10T20:04:40Z,"{""raw_sheet"":""RAW DATA"",""review_sheet"":""REVIEW"",""reviewed_companies"":100,""workbook_filename"":""ambiguity_human_review_100.xlsx"",""workbook_sha256"":""5450081cd9db4c7cf6c6c1373ba9cfb25060032077c1cf619f672e25ec441d4f""}",assert_8f4f917726a44009ec286dc631c7d3978e8ad9d7bc116409c8ec7282aa88b98f,12250,OFFICIAL_WEBSITE,wander.si,"[""wander.si""]",CONFIRMED_OFFICIAL_WEBSITE,48,HUMAN_VALIDATED,400,HIGH,"[{""row_number"":49,""sample_position"":48,""sheet"":""REVIEW"",""source_identifier"":""xlsx:ambiguity_human_review_100.xlsx:sha256:5450081cd9db4c7cf6c6c1373ba9cfb25060032077c1cf619f672e25ec441d4f"",""type"":""HUMAN_REVIEW_WORKBOOK_ROW""},{""ambiguity_category"":""THIRD_PARTY_NOISE_DOMINATES"",""canonical_company_id"":12250,""row_number"":49,""sample_position"":48,""sheet"":""RAW DATA"",""type"":""DISCOVERY_AMBIGUITY_AUDIT_ROW""}]",2026-10-10T20:04:40Z,2026-10-10T20:04:40Z,2026-10-10T20:04:40Z,,REVIEW_ON_CONFLICT_OR_MATERIAL_COMPANY_CHANGE,[],[],lahko najti,"{""ambiguity_category"":""THIRD_PARTY_NOISE_DOMINATES"",""benchmark_outcome"":""CORRECT_DOMAIN_PRESENT_BUT_NOT_SELECTED"",""human_domain_in_stored_candidates"":true,""human_domain_is_diagnostic_leader"":false,""review_difficulty"":""EASY_TO_FIND""}"
src_75cc2f84e2ce7716e0a6afb2f27b5a655a2503577eb11918ca52f83b83c86f41,HUMAN_REVIEW,xlsx:ambiguity_human_review_100.xlsx:sha256:5450081cd9db4c7cf6c6c1373ba9cfb25060032077c1cf619f672e25ec441d4f,Andrej Solinc,DISCOVERY_AMBIGUITY_HUMAN_REVIEW,1,2026-10-10T20:04:40Z,"{""raw_sheet"":""RAW DATA"",""review_sheet"":""REVIEW"",""reviewed_companies"":100,""workbook_filename"":""ambiguity_human_review_100.xlsx"",""workbook_sha256"":""5450081cd9db4c7cf6c6c1373ba9cfb25060032077c1cf619f672e25ec441d4f""}",assert_33fbc5761f44c307e96c0e5307dd26fcb9366c84f5b86e49c7dfea2ce32d4f56,13974,OFFICIAL_WEBSITE,,[],WRONG_ENTITY_OR_CROSS_COUNTRY,49,HUMAN_VALIDATED,400,MEDIUM,"[{""row_number"":50,""sample_position"":49,""sheet"":""REVIEW"",""source_identifier"":""xlsx:ambiguity_human_review_100.xlsx:sha256:5450081cd9db4c7cf6c6c1373ba9cfb25060032077c1cf619f672e25ec441d4f"",""type"":""HUMAN_REVIEW_WORKBOOK_ROW""},{""ambiguity_category"":""THIRD_PARTY_NOISE_DOMINATES"",""canonical_company_id"":13974,""row_number"":50,""sample_position"":49,""sheet"":""RAW DATA"",""type"":""DISCOVERY_AMBIGUITY_AUDIT_ROW""}]",2026-10-10T20:04:40Z,2026-10-10T20:04:40Z,2026-10-10T20:04:40Z,,REVIEW_ON_CONFLICT_OR_MATERIAL_COMPANY_CHANGE,[],[],"nisem našel www; podobnost z ""gradbeni servis lorenčič d.o.o."", vendar to ni ista firma","{""ambiguity_category"":""THIRD_PARTY_NOISE_DOMINATES"",""benchmark_outcome"":""WRONG_ENTITY_OR_CROSS_COUNTRY"",""human_domain_in_stored_candidates"":false,""human_domain_is_diagnostic_leader"":false,""review_difficulty"":""NOT_STATED""}"
src_75cc2f84e2ce7716e0a6afb2f27b5a655a2503577eb11918ca52f83b83c86f41,HUMAN_REVIEW,xlsx:ambiguity_human_review_100.xlsx:sha256:5450081cd9db4c7cf6c6c1373ba9cfb25060032077c1cf619f672e25ec441d4f,Andrej Solinc,DISCOVERY_AMBIGUITY_HUMAN_REVIEW,1,2026-10-10T20:04:40Z,"{""raw_sheet"":""RAW DATA"",""review_sheet"":""REVIEW"",""reviewed_companies"":100,""workbook_filename"":""ambiguity_human_review_100.xlsx"",""workbook_sha256"":""5450081cd9db4c7cf6c6c1373ba9cfb25060032077c1cf619f672e25ec441d4f""}",assert_5670a28f19ccb092030eaaf1da069a4252ff87ed82c4b686ba747d3eba8cec54,4967,OFFICIAL_WEBSITE,,[],LIKELY_NO_OFFICIAL_WEBSITE,50,HUMAN_VALIDATED,400,MEDIUM,"[{""row_number"":51,""sample_position"":50,""sheet"":""REVIEW"",""source_identifier"":""xlsx:ambiguity_human_review_100.xlsx:sha256:5450081cd9db4c7cf6c6c1373ba9cfb25060032077c1cf619f672e25ec441d4f"",""type"":""HUMAN_REVIEW_WORKBOOK_ROW""},{""ambiguity_category"":""THIRD_PARTY_NOISE_DOMINATES"",""canonical_company_id"":4967,""row_number"":51,""sample_position"":50,""sheet"":""RAW DATA"",""type"":""DISCOVERY_AMBIGUITY_AUDIT_ROW""}]",2026-10-10T20:04:40Z,2026-10-10T20:04:40Z,2026-10-10T20:04:40Z,,REVIEW_ON_CONFLICT_OR_MATERIAL_COMPANY_CHANGE,[],[],nisem našel www,"{""ambiguity_category"":""THIRD_PARTY_NOISE_DOMINATES"",""benchmark_outcome"":""LIKELY_NO_OFFICIAL_WEBSITE"",""human_domain_in_stored_candidates"":false,""human_domain_is_diagnostic_leader"":false,""review_difficulty"":""NOT_STATED""}"
src_75cc2f84e2ce7716e0a6afb2f27b5a655a2503577eb11918ca52f83b83c86f41,HUMAN_REVIEW,xlsx:ambiguity_human_review_100.xlsx:sha256:5450081cd9db4c7cf6c6c1373ba9cfb25060032077c1cf619f672e25ec441d4f,Andrej Solinc,DISCOVERY_AMBIGUITY_HUMAN_REVIEW,1,2026-10-10T20:04:40Z,"{""raw_sheet"":""RAW DATA"",""review_sheet"":""REVIEW"",""reviewed_companies"":100,""workbook_filename"":""ambiguity_human_review_100.xlsx"",""workbook_sha256"":""5450081cd9db4c7cf6c6c1373ba9cfb25060032077c1cf619f672e25ec441d4f""}",assert_ec1c233437c2a6b0b7a087e49625cf828693fa539db9d4ff64992879727ec44d,12139,OFFICIAL_WEBSITE,,[],LIKELY_NO_OFFICIAL_WEBSITE,51,HUMAN_VALIDATED,400,MEDIUM,"[{""row_number"":52,""sample_position"":51,""sheet"":""REVIEW"",""source_identifier"":""xlsx:ambiguity_human_review_100.xlsx:sha256:5450081cd9db4c7cf6c6c1373ba9cfb25060032077c1cf619f672e25ec441d4f"",""type"":""HUMAN_REVIEW_WORKBOOK_ROW""},{""ambiguity_category"":""ONE_MODERATE_LEADER"",""canonical_company_id"":12139,""row_number"":52,""sample_position"":51,""sheet"":""RAW DATA"",""type"":""DISCOVERY_AMBIGUITY_AUDIT_ROW""}]",2026-10-10T20:04:40Z,2026-10-10T20:04:40Z,2026-10-10T20:04:40Z,,REVIEW_ON_CONFLICT_OR_MATERIAL_COMPANY_CHANGE,[],[],nisem našel www,"{""ambiguity_category"":""ONE_MODERATE_LEADER"",""benchmark_outcome"":""LIKELY_NO_OFFICIAL_WEBSITE"",""human_domain_in_stored_candidates"":false,""human_domain_is_diagnostic_leader"":false,""review_difficulty"":""NOT_STATED""}"
src_75cc2f84e2ce7716e0a6afb2f27b5a655a2503577eb11918ca52f83b83c86f41,HUMAN_REVIEW,xlsx:ambiguity_human_review_100.xlsx:sha256:5450081cd9db4c7cf6c6c1373ba9cfb25060032077c1cf619f672e25ec441d4f,Andrej Solinc,DISCOVERY_AMBIGUITY_HUMAN_REVIEW,1,2026-10-10T20:04:40Z,"{""raw_sheet"":""RAW DATA"",""review_sheet"":""REVIEW"",""reviewed_companies"":100,""workbook_filename"":""ambiguity_human_review_100.xlsx"",""workbook_sha256"":""5450081cd9db4c7cf6c6c1373ba9cfb25060032077c1cf619f672e25ec441d4f""}",assert_77ed9fe65b9fc521ecf94c6533928871a37365ded92a56142f486affb8dbe7be,11612,OFFICIAL_WEBSITE,,[],LIKELY_NO_OFFICIAL_WEBSITE,52,HUMAN_VALIDATED,400,MEDIUM,"[{""row_number"":53,""sample_position"":52,""sheet"":""REVIEW"",""source_identifier"":""xlsx:ambiguity_human_review_100.xlsx:sha256:5450081cd9db4c7cf6c6c1373ba9cfb25060032077c1cf619f672e25ec441d4f"",""type"":""HUMAN_REVIEW_WORKBOOK_ROW""},{""ambiguity_category"":""ONE_MODERATE_LEADER"",""canonical_company_id"":11612,""row_number"":53,""sample_position"":52,""sheet"":""RAW DATA"",""type"":""DISCOVERY_AMBIGUITY_AUDIT_ROW""}]",2026-10-10T20:04:40Z,2026-10-10T20:04:40Z,2026-10-10T20:04:40Z,,REVIEW_ON_CONFLICT_OR_MATERIAL_COMPANY_CHANGE,[],[],nisem našel www,"{""ambiguity_category"":""ONE_MODERATE_LEADER"",""benchmark_outcome"":""LIKELY_NO_OFFICIAL_WEBSITE"",""human_domain_in_stored_candidates"":false,""human_domain_is_diagnostic_leader"":false,""review_difficulty"":""NOT_STATED""}"
src_75cc2f84e2ce7716e0a6afb2f27b5a655a2503577eb11918ca52f83b83c86f41,HUMAN_REVIEW,xlsx:ambiguity_human_review_100.xlsx:sha256:5450081cd9db4c7cf6c6c1373ba9cfb25060032077c1cf619f672e25ec441d4f,Andrej Solinc,DISCOVERY_AMBIGUITY_HUMAN_REVIEW,1,2026-10-10T20:04:40Z,"{""raw_sheet"":""RAW DATA"",""review_sheet"":""REVIEW"",""reviewed_companies"":100,""workbook_filename"":""ambiguity_human_review_100.xlsx"",""workbook_sha256"":""5450081cd9db4c7cf6c6c1373ba9cfb25060032077c1cf619f672e25ec441d4f""}",assert_46a26282a75b7bbc4644268bbc05fad705d0595419a07ee3975372c5fd03a663,10189,OFFICIAL_WEBSITE,,[],LIKELY_NO_OFFICIAL_WEBSITE,53,HUMAN_VALIDATED,400,MEDIUM,"[{""row_number"":54,""sample_position"":53,""sheet"":""REVIEW"",""source_identifier"":""xlsx:ambiguity_human_review_100.xlsx:sha256:5450081cd9db4c7cf6c6c1373ba9cfb25060032077c1cf619f672e25ec441d4f"",""type"":""HUMAN_REVIEW_WORKBOOK_ROW""},{""ambiguity_category"":""ONE_MODERATE_LEADER"",""canonical_company_id"":10189,""row_number"":54,""sample_position"":53,""sheet"":""RAW DATA"",""type"":""DISCOVERY_AMBIGUITY_AUDIT_ROW""}]",2026-10-10T20:04:40Z,2026-10-10T20:04:40Z,2026-10-10T20:04:40Z,,REVIEW_ON_CONFLICT_OR_MATERIAL_COMPANY_CHANGE,[],[],nisem našel www,"{""ambiguity_category"":""ONE_MODERATE_LEADER"",""benchmark_outcome"":""LIKELY_NO_OFFICIAL_WEBSITE"",""human_domain_in_stored_candidates"":false,""human_domain_is_diagnostic_leader"":false,""review_difficulty"":""NOT_STATED""}"
src_75cc2f84e2ce7716e0a6afb2f27b5a655a2503577eb11918ca52f83b83c86f41,HUMAN_REVIEW,xlsx:ambiguity_human_review_100.xlsx:sha256:5450081cd9db4c7cf6c6c1373ba9cfb25060032077c1cf619f672e25ec441d4f,Andrej Solinc,DISCOVERY_AMBIGUITY_HUMAN_REVIEW,1,2026-10-10T20:04:40Z,"{""raw_sheet"":""RAW DATA"",""review_sheet"":""REVIEW"",""reviewed_companies"":100,""workbook_filename"":""ambiguity_human_review_100.xlsx"",""workbook_sha256"":""5450081cd9db4c7cf6c6c1373ba9cfb25060032077c1cf619f672e25ec441d4f""}",assert_0cca13018c54c3da2a5103772aa5511039aa339cd5315275ed743ed886c705eb,16717,OFFICIAL_WEBSITE,,[],LIKELY_NO_OFFICIAL_WEBSITE,54,HUMAN_VALIDATED,400,MEDIUM,"[{""row_number"":55,""sample_position"":54,""sheet"":""REVIEW"",""source_identifier"":""xlsx:ambiguity_human_review_100.xlsx:sha256:5450081cd9db4c7cf6c6c1373ba9cfb25060032077c1cf619f672e25ec441d4f"",""type"":""HUMAN_REVIEW_WORKBOOK_ROW""},{""ambiguity_category"":""ONE_MODERATE_LEADER"",""canonical_company_id"":16717,""row_number"":55,""sample_position"":54,""sheet"":""RAW DATA"",""type"":""DISCOVERY_AMBIGUITY_AUDIT_ROW""}]",2026-10-10T20:04:40Z,2026-10-10T20:04:40Z,2026-10-10T20:04:40Z,,REVIEW_ON_CONFLICT_OR_MATERIAL_COMPANY_CHANGE,[],[],nisem našel www,"{""ambiguity_category"":""ONE_MODERATE_LEADER"",""benchmark_outcome"":""LIKELY_NO_OFFICIAL_WEBSITE"",""human_domain_in_stored_candidates"":false,""human_domain_is_diagnostic_leader"":false,""review_difficulty"":""NOT_STATED""}"
src_75cc2f84e2ce7716e0a6afb2f27b5a655a2503577eb11918ca52f83b83c86f41,HUMAN_REVIEW,xlsx:ambiguity_human_review_100.xlsx:sha256:5450081cd9db4c7cf6c6c1373ba9cfb25060032077c1cf619f672e25ec441d4f,Andrej Solinc,DISCOVERY_AMBIGUITY_HUMAN_REVIEW,1,2026-10-10T20:04:40Z,"{""raw_sheet"":""RAW DATA"",""review_sheet"":""REVIEW"",""reviewed_companies"":100,""workbook_filename"":""ambiguity_human_review_100.xlsx"",""workbook_sha256"":""5450081cd9db4c7cf6c6c1373ba9cfb25060032077c1cf619f672e25ec441d4f""}",assert_2c347edb717e2b244a761781c542140c012641aabbe8931fba34c575ce92508e,13203,OFFICIAL_WEBSITE,https://vicom.si,"[""vicom.si""]",CONFIRMED_OFFICIAL_WEBSITE,55,HUMAN_VALIDATED,400,HIGH,"[{""row_number"":56,""sample_position"":55,""sheet"":""REVIEW"",""source_identifier"":""xlsx:ambiguity_human_review_100.xlsx:sha256:5450081cd9db4c7cf6c6c1373ba9cfb25060032077c1cf619f672e25ec441d4f"",""type"":""HUMAN_REVIEW_WORKBOOK_ROW""},{""ambiguity_category"":""ONE_MODERATE_LEADER"",""canonical_company_id"":13203,""row_number"":56,""sample_position"":55,""sheet"":""RAW DATA"",""type"":""DISCOVERY_AMBIGUITY_AUDIT_ROW""}]",2026-10-10T20:04:40Z,2026-10-10T20:04:40Z,2026-10-10T20:04:40Z,,REVIEW_ON_CONFLICT_OR_MATERIAL_COMPANY_CHANGE,[],[],"stran zahteva preverjanje človeškosti, težko najti stran","{""ambiguity_category"":""ONE_MODERATE_LEADER"",""benchmark_outcome"":""CORRECT_DOMAIN_ALREADY_IN_STORED_EVIDENCE"",""human_domain_in_stored_candidates"":true,""human_domain_is_diagnostic_leader"":true,""review_difficulty"":""DIFFICULT_TO_FIND""}"
src_75cc2f84e2ce7716e0a6afb2f27b5a655a2503577eb11918ca52f83b83c86f41,HUMAN_REVIEW,xlsx:ambiguity_human_review_100.xlsx:sha256:5450081cd9db4c7cf6c6c1373ba9cfb25060032077c1cf619f672e25ec441d4f,Andrej Solinc,DISCOVERY_AMBIGUITY_HUMAN_REVIEW,1,2026-10-10T20:04:40Z,"{""raw_sheet"":""RAW DATA"",""review_sheet"":""REVIEW"",""reviewed_companies"":100,""workbook_filename"":""ambiguity_human_review_100.xlsx"",""workbook_sha256"":""5450081cd9db4c7cf6c6c1373ba9cfb25060032077c1cf619f672e25ec441d4f""}",assert_e0a4483b580241df7ac480141dbe2fd55e05c38661a6d9276c4a95c720ae6a85,2986,OFFICIAL_WEBSITE,https://parkirnahisa.si,"[""parkirnahisa.si""]",CONFIRMED_OFFICIAL_WEBSITE,56,HUMAN_VALIDATED,400,HIGH,"[{""row_number"":57,""sample_position"":56,""sheet"":""REVIEW"",""source_identifier"":""xlsx:ambiguity_human_review_100.xlsx:sha256:5450081cd9db4c7cf6c6c1373ba9cfb25060032077c1cf619f672e25ec441d4f"",""type"":""HUMAN_REVIEW_WORKBOOK_ROW""},{""ambiguity_category"":""ONE_MODERATE_LEADER"",""canonical_company_id"":2986,""row_number"":57,""sample_position"":56,""sheet"":""RAW DATA"",""type"":""DISCOVERY_AMBIGUITY_AUDIT_ROW""}]",2026-10-10T20:04:40Z,2026-10-10T20:04:40Z,2026-10-10T20:04:40Z,,REVIEW_ON_CONFLICT_OR_MATERIAL_COMPANY_CHANGE,[],[],težko najti,"{""ambiguity_category"":""ONE_MODERATE_LEADER"",""benchmark_outcome"":""OFFICIAL_EXISTS_BUT_SEARCH_MISSED"",""human_domain_in_stored_candidates"":false,""human_domain_is_diagnostic_leader"":false,""review_difficulty"":""DIFFICULT_TO_FIND""}"
src_75cc2f84e2ce7716e0a6afb2f27b5a655a2503577eb11918ca52f83b83c86f41,HUMAN_REVIEW,xlsx:ambiguity_human_review_100.xlsx:sha256:5450081cd9db4c7cf6c6c1373ba9cfb25060032077c1cf619f672e25ec441d4f,Andrej Solinc,DISCOVERY_AMBIGUITY_HUMAN_REVIEW,1,2026-10-10T20:04:40Z,"{""raw_sheet"":""RAW DATA"",""review_sheet"":""REVIEW"",""reviewed_companies"":100,""workbook_filename"":""ambiguity_human_review_100.xlsx"",""workbook_sha256"":""5450081cd9db4c7cf6c6c1373ba9cfb25060032077c1cf619f672e25ec441d4f""}",assert_810ff23c028dea357f79b50f2107fe1d1d74ed5fca356073c7660305946d1848,10162,OFFICIAL_WEBSITE,https://www.orfis.si/,"[""orfis.si""]",CONFIRMED_OFFICIAL_WEBSITE,57,HUMAN_VALIDATED,400,HIGH,"[{""row_number"":58,""sample_position"":57,""sheet"":""REVIEW"",""source_identifier"":""xlsx:ambiguity_human_review_100.xlsx:sha256:5450081cd9db4c7cf6c6c1373ba9cfb25060032077c1cf619f672e25ec441d4f"",""type"":""HUMAN_REVIEW_WORKBOOK_ROW""},{""ambiguity_category"":""ONE_MODERATE_LEADER"",""canonical_company_id"":10162,""row_number"":58,""sample_position"":57,""sheet"":""RAW DATA"",""type"":""DISCOVERY_AMBIGUITY_AUDIT_ROW""}]",2026-10-10T20:04:40Z,2026-10-10T20:04:40Z,2026-10-10T20:04:40Z,,REVIEW_ON_CONFLICT_OR_MATERIAL_COMPANY_CHANGE,[],[],,"{""ambiguity_category"":""ONE_MODERATE_LEADER"",""benchmark_outcome"":""CORRECT_DOMAIN_PRESENT_BUT_NOT_SELECTED"",""human_domain_in_stored_candidates"":true,""human_domain_is_diagnostic_leader"":false,""review_difficulty"":""NOT_STATED""}"
src_75cc2f84e2ce7716e0a6afb2f27b5a655a2503577eb11918ca52f83b83c86f41,HUMAN_REVIEW,xlsx:ambiguity_human_review_100.xlsx:sha256:5450081cd9db4c7cf6c6c1373ba9cfb25060032077c1cf619f672e25ec441d4f,Andrej Solinc,DISCOVERY_AMBIGUITY_HUMAN_REVIEW,1,2026-10-10T20:04:40Z,"{""raw_sheet"":""RAW DATA"",""review_sheet"":""REVIEW"",""reviewed_companies"":100,""workbook_filename"":""ambiguity_human_review_100.xlsx"",""workbook_sha256"":""5450081cd9db4c7cf6c6c1373ba9cfb25060032077c1cf619f672e25ec441d4f""}",assert_b4b0bd0bd7a491301081a74ac37393142fc6e335298b376f20017740b0af0f71,14174,OFFICIAL_WEBSITE,https://energasistemi.si,"[""energasistemi.si""]",CONFIRMED_OFFICIAL_WEBSITE,58,HUMAN_VALIDATED,400,HIGH,"[{""row_number"":59,""sample_position"":58,""sheet"":""REVIEW"",""source_identifier"":""xlsx:ambiguity_human_review_100.xlsx:sha256:5450081cd9db4c7cf6c6c1373ba9cfb25060032077c1cf619f672e25ec441d4f"",""type"":""HUMAN_REVIEW_WORKBOOK_ROW""},{""ambiguity_category"":""ONE_MODERATE_LEADER"",""canonical_company_id"":14174,""row_number"":59,""sample_position"":58,""sheet"":""RAW DATA"",""type"":""DISCOVERY_AMBIGUITY_AUDIT_ROW""}]",2026-10-10T20:04:40Z,2026-10-10T20:04:40Z,2026-10-10T20:04:40Z,,REVIEW_ON_CONFLICT_OR_MATERIAL_COMPANY_CHANGE,[],[],težko najti,"{""ambiguity_category"":""ONE_MODERATE_LEADER"",""benchmark_outcome"":""OFFICIAL_EXISTS_BUT_SEARCH_MISSED"",""human_domain_in_stored_candidates"":false,""human_domain_is_diagnostic_leader"":false,""review_difficulty"":""DIFFICULT_TO_FIND""}"
src_75cc2f84e2ce7716e0a6afb2f27b5a655a2503577eb11918ca52f83b83c86f41,HUMAN_REVIEW,xlsx:ambiguity_human_review_100.xlsx:sha256:5450081cd9db4c7cf6c6c1373ba9cfb25060032077c1cf619f672e25ec441d4f,Andrej Solinc,DISCOVERY_AMBIGUITY_HUMAN_REVIEW,1,2026-10-10T20:04:40Z,"{""raw_sheet"":""RAW DATA"",""review_sheet"":""REVIEW"",""reviewed_companies"":100,""workbook_filename"":""ambiguity_human_review_100.xlsx"",""workbook_sha256"":""5450081cd9db4c7cf6c6c1373ba9cfb25060032077c1cf619f672e25ec441d4f""}",assert_656825691c18a9e608f93ba72ee99db589df024e7ee245df8b1f9310efc934b0,7729,OFFICIAL_WEBSITE,,[],LIKELY_NO_OFFICIAL_WEBSITE,59,HUMAN_VALIDATED,400,MEDIUM,"[{""row_number"":60,""sample_position"":59,""sheet"":""REVIEW"",""source_identifier"":""xlsx:ambiguity_human_review_100.xlsx:sha256:5450081cd9db4c7cf6c6c1373ba9cfb25060032077c1cf619f672e25ec441d4f"",""type"":""HUMAN_REVIEW_WORKBOOK_ROW""},{""ambiguity_category"":""ONE_MODERATE_LEADER"",""canonical_company_id"":7729,""row_number"":60,""sample_position"":59,""sheet"":""RAW DATA"",""type"":""DISCOVERY_AMBIGUITY_AUDIT_ROW""}]",2026-10-10T20:04:40Z,2026-10-10T20:04:40Z,2026-10-10T20:04:40Z,,REVIEW_ON_CONFLICT_OR_MATERIAL_COMPANY_CHANGE,[],[],nisem našel www,"{""ambiguity_category"":""ONE_MODERATE_LEADER"",""benchmark_outcome"":""LIKELY_NO_OFFICIAL_WEBSITE"",""human_domain_in_stored_candidates"":false,""human_domain_is_diagnostic_leader"":false,""review_difficulty"":""NOT_STATED""}"
src_75cc2f84e2ce7716e0a6afb2f27b5a655a2503577eb11918ca52f83b83c86f41,HUMAN_REVIEW,xlsx:ambiguity_human_review_100.xlsx:sha256:5450081cd9db4c7cf6c6c1373ba9cfb25060032077c1cf619f672e25ec441d4f,Andrej Solinc,DISCOVERY_AMBIGUITY_HUMAN_REVIEW,1,2026-10-10T20:04:40Z,"{""raw_sheet"":""RAW DATA"",""review_sheet"":""REVIEW"",""reviewed_companies"":100,""workbook_filename"":""ambiguity_human_review_100.xlsx"",""workbook_sha256"":""5450081cd9db4c7cf6c6c1373ba9cfb25060032077c1cf619f672e25ec441d4f""}",assert_457f0d98c2ab9690bb13f6426d27e6ac8ee3caff2123bf1657d0facdfd93135d,16887,OFFICIAL_WEBSITE,,[],LIKELY_NO_OFFICIAL_WEBSITE,60,HUMAN_VALIDATED,400,MEDIUM,"[{""row_number"":61,""sample_position"":60,""sheet"":""REVIEW"",""source_identifier"":""xlsx:ambiguity_human_review_100.xlsx:sha256:5450081cd9db4c7cf6c6c1373ba9cfb25060032077c1cf619f672e25ec441d4f"",""type"":""HUMAN_REVIEW_WORKBOOK_ROW""},{""ambiguity_category"":""ONE_MODERATE_LEADER"",""canonical_company_id"":16887,""row_number"":61,""sample_position"":60,""sheet"":""RAW DATA"",""type"":""DISCOVERY_AMBIGUITY_AUDIT_ROW""}]",2026-10-10T20:04:40Z,2026-10-10T20:04:40Z,2026-10-10T20:04:40Z,,REVIEW_ON_CONFLICT_OR_MATERIAL_COMPANY_CHANGE,[],[],nisem našel www,"{""ambiguity_category"":""ONE_MODERATE_LEADER"",""benchmark_outcome"":""LIKELY_NO_OFFICIAL_WEBSITE"",""human_domain_in_stored_candidates"":false,""human_domain_is_diagnostic_leader"":false,""review_difficulty"":""NOT_STATED""}"
src_75cc2f84e2ce7716e0a6afb2f27b5a655a2503577eb11918ca52f83b83c86f41,HUMAN_REVIEW,xlsx:ambiguity_human_review_100.xlsx:sha256:5450081cd9db4c7cf6c6c1373ba9cfb25060032077c1cf619f672e25ec441d4f,Andrej Solinc,DISCOVERY_AMBIGUITY_HUMAN_REVIEW,1,2026-10-10T20:04:40Z,"{""raw_sheet"":""RAW DATA"",""review_sheet"":""REVIEW"",""reviewed_companies"":100,""workbook_filename"":""ambiguity_human_review_100.xlsx"",""workbook_sha256"":""5450081cd9db4c7cf6c6c1373ba9cfb25060032077c1cf619f672e25ec441d4f""}",assert_70bf5efd1e00d7e9876fac2b5b4beeb87aef4ee854973f8da0b5ad049a5d08c3,11599,OFFICIAL_WEBSITE,,[],LIKELY_NO_OFFICIAL_WEBSITE,61,HUMAN_VALIDATED,400,MEDIUM,"[{""row_number"":62,""sample_position"":61,""sheet"":""REVIEW"",""source_identifier"":""xlsx:ambiguity_human_review_100.xlsx:sha256:5450081cd9db4c7cf6c6c1373ba9cfb25060032077c1cf619f672e25ec441d4f"",""type"":""HUMAN_REVIEW_WORKBOOK_ROW""},{""ambiguity_category"":""ONE_MODERATE_LEADER"",""canonical_company_id"":11599,""row_number"":62,""sample_position"":61,""sheet"":""RAW DATA"",""type"":""DISCOVERY_AMBIGUITY_AUDIT_ROW""}]",2026-10-10T20:04:40Z,2026-10-10T20:04:40Z,2026-10-10T20:04:40Z,,REVIEW_ON_CONFLICT_OR_MATERIAL_COMPANY_CHANGE,[],[],nisem našel www,"{""ambiguity_category"":""ONE_MODERATE_LEADER"",""benchmark_outcome"":""LIKELY_NO_OFFICIAL_WEBSITE"",""human_domain_in_stored_candidates"":false,""human_domain_is_diagnostic_leader"":false,""review_difficulty"":""NOT_STATED""}"
src_75cc2f84e2ce7716e0a6afb2f27b5a655a2503577eb11918ca52f83b83c86f41,HUMAN_REVIEW,xlsx:ambiguity_human_review_100.xlsx:sha256:5450081cd9db4c7cf6c6c1373ba9cfb25060032077c1cf619f672e25ec441d4f,Andrej Solinc,DISCOVERY_AMBIGUITY_HUMAN_REVIEW,1,2026-10-10T20:04:40Z,"{""raw_sheet"":""RAW DATA"",""review_sheet"":""REVIEW"",""reviewed_companies"":100,""workbook_filename"":""ambiguity_human_review_100.xlsx"",""workbook_sha256"":""5450081cd9db4c7cf6c6c1373ba9cfb25060032077c1cf619f672e25ec441d4f""}",assert_f0494252b7e6bd687c1b225bf00bdb85093e7589f791eab2e65bcc47a4b6621e,11630,OFFICIAL_WEBSITE,,[],COMPLEX_RELATIONSHIP,62,HUMAN_VALIDATED,400,MEDIUM,"[{""row_number"":63,""sample_position"":62,""sheet"":""REVIEW"",""source_identifier"":""xlsx:ambiguity_human_review_100.xlsx:sha256:5450081cd9db4c7cf6c6c1373ba9cfb25060032077c1cf619f672e25ec441d4f"",""type"":""HUMAN_REVIEW_WORKBOOK_ROW""},{""ambiguity_category"":""ONE_MODERATE_LEADER"",""canonical_company_id"":11630,""row_number"":63,""sample_position"":62,""sheet"":""RAW DATA"",""type"":""DISCOVERY_AMBIGUITY_AUDIT_ROW""}]",2026-10-10T20:04:40Z,2026-10-10T20:04:40Z,2026-10-10T20:04:40Z,,REVIEW_ON_CONFLICT_OR_MATERIAL_COMPANY_CHANGE,[],[],"ciak.si obstaja ampak je brez vsebine. Ciak-avto.si obstaja ampak je povezan s firmo ""c.i.a.k. Avto d.o.o."" kar ni prava, je pa zelo podobna. Komplicirani.","{""ambiguity_category"":""ONE_MODERATE_LEADER"",""benchmark_outcome"":""COMPLEX_BRAND_OR_GROUP_RELATIONSHIP"",""human_domain_in_stored_candidates"":false,""human_domain_is_diagnostic_leader"":false,""review_difficulty"":""NOT_STATED""}"
src_75cc2f84e2ce7716e0a6afb2f27b5a655a2503577eb11918ca52f83b83c86f41,HUMAN_REVIEW,xlsx:ambiguity_human_review_100.xlsx:sha256:5450081cd9db4c7cf6c6c1373ba9cfb25060032077c1cf619f672e25ec441d4f,Andrej Solinc,DISCOVERY_AMBIGUITY_HUMAN_REVIEW,1,2026-10-10T20:04:40Z,"{""raw_sheet"":""RAW DATA"",""review_sheet"":""REVIEW"",""reviewed_companies"":100,""workbook_filename"":""ambiguity_human_review_100.xlsx"",""workbook_sha256"":""5450081cd9db4c7cf6c6c1373ba9cfb25060032077c1cf619f672e25ec441d4f""}",assert_9f6d5f19502301428eb256749059a8aed4fdf0b7d16ca74f86bd812f4172a4dd,10158,OFFICIAL_WEBSITE,https://notranje-pohistvo.com/ IN http://pohistvo-baims.si,"[""notranje-pohistvo.com"",""pohistvo-baims.si""]",COMPLEX_RELATIONSHIP,63,HUMAN_VALIDATED,400,MEDIUM,"[{""row_number"":64,""sample_position"":63,""sheet"":""REVIEW"",""source_identifier"":""xlsx:ambiguity_human_review_100.xlsx:sha256:5450081cd9db4c7cf6c6c1373ba9cfb25060032077c1cf619f672e25ec441d4f"",""type"":""HUMAN_REVIEW_WORKBOOK_ROW""},{""ambiguity_category"":""ONE_MODERATE_LEADER"",""canonical_company_id"":10158,""row_number"":64,""sample_position"":63,""sheet"":""RAW DATA"",""type"":""DISCOVERY_AMBIGUITY_AUDIT_ROW""}]",2026-10-10T20:04:40Z,2026-10-10T20:04:40Z,2026-10-10T20:04:40Z,,REVIEW_ON_CONFLICT_OR_MATERIAL_COMPANY_CHANGE,[],[],"dve spletni strani, ista firma, nenavadno in konfuzno.","{""ambiguity_category"":""ONE_MODERATE_LEADER"",""benchmark_outcome"":""COMPLEX_BRAND_OR_GROUP_RELATIONSHIP"",""human_domain_in_stored_candidates"":true,""human_domain_is_diagnostic_leader"":true,""review_difficulty"":""NOT_STATED""}"
src_75cc2f84e2ce7716e0a6afb2f27b5a655a2503577eb11918ca52f83b83c86f41,HUMAN_REVIEW,xlsx:ambiguity_human_review_100.xlsx:sha256:5450081cd9db4c7cf6c6c1373ba9cfb25060032077c1cf619f672e25ec441d4f,Andrej Solinc,DISCOVERY_AMBIGUITY_HUMAN_REVIEW,1,2026-10-10T20:04:40Z,"{""raw_sheet"":""RAW DATA"",""review_sheet"":""REVIEW"",""reviewed_companies"":100,""workbook_filename"":""ambiguity_human_review_100.xlsx"",""workbook_sha256"":""5450081cd9db4c7cf6c6c1373ba9cfb25060032077c1cf619f672e25ec441d4f""}",assert_94af7535e817e93c362e27cbca2a1ae41448f1c7a5ee5bec3e2dacd1e9f93972,7272,OFFICIAL_WEBSITE,ac-glavan.si,"[""ac-glavan.si""]",CONFIRMED_OFFICIAL_WEBSITE,64,HUMAN_VALIDATED,400,HIGH,"[{""row_number"":65,""sample_position"":64,""sheet"":""REVIEW"",""source_identifier"":""xlsx:ambiguity_human_review_100.xlsx:sha256:5450081cd9db4c7cf6c6c1373ba9cfb25060032077c1cf619f672e25ec441d4f"",""type"":""HUMAN_REVIEW_WORKBOOK_ROW""},{""ambiguity_category"":""ONE_MODERATE_LEADER"",""canonical_company_id"":7272,""row_number"":65,""sample_position"":64,""sheet"":""RAW DATA"",""type"":""DISCOVERY_AMBIGUITY_AUDIT_ROW""}]",2026-10-10T20:04:40Z,2026-10-10T20:04:40Z,2026-10-10T20:04:40Z,,REVIEW_ON_CONFLICT_OR_MATERIAL_COMPANY_CHANGE,[],[],,"{""ambiguity_category"":""ONE_MODERATE_LEADER"",""benchmark_outcome"":""CORRECT_DOMAIN_ALREADY_IN_STORED_EVIDENCE"",""human_domain_in_stored_candidates"":true,""human_domain_is_diagnostic_leader"":true,""review_difficulty"":""NOT_STATED""}"
src_75cc2f84e2ce7716e0a6afb2f27b5a655a2503577eb11918ca52f83b83c86f41,HUMAN_REVIEW,xlsx:ambiguity_human_review_100.xlsx:sha256:5450081cd9db4c7cf6c6c1373ba9cfb25060032077c1cf619f672e25ec441d4f,Andrej Solinc,DISCOVERY_AMBIGUITY_HUMAN_REVIEW,1,2026-10-10T20:04:40Z,"{""raw_sheet"":""RAW DATA"",""review_sheet"":""REVIEW"",""reviewed_companies"":100,""workbook_filename"":""ambiguity_human_review_100.xlsx"",""workbook_sha256"":""5450081cd9db4c7cf6c6c1373ba9cfb25060032077c1cf619f672e25ec441d4f""}",assert_50914623bd65ad772844aec1deec5ae446e91130a56f01fccc0931fedd02e63b,7586,OFFICIAL_WEBSITE,,[],LIKELY_NO_OFFICIAL_WEBSITE,65,HUMAN_VALIDATED,400,MEDIUM,"[{""row_number"":66,""sample_position"":65,""sheet"":""REVIEW"",""source_identifier"":""xlsx:ambiguity_human_review_100.xlsx:sha256:5450081cd9db4c7cf6c6c1373ba9cfb25060032077c1cf619f672e25ec441d4f"",""type"":""HUMAN_REVIEW_WORKBOOK_ROW""},{""ambiguity_category"":""ONE_MODERATE_LEADER"",""canonical_company_id"":7586,""row_number"":66,""sample_position"":65,""sheet"":""RAW DATA"",""type"":""DISCOVERY_AMBIGUITY_AUDIT_ROW""}]",2026-10-10T20:04:40Z,2026-10-10T20:04:40Z,2026-10-10T20:04:40Z,,REVIEW_ON_CONFLICT_OR_MATERIAL_COMPANY_CHANGE,[],[],nisem našel www; minimum.si so izdelovalci spletnih strani,"{""ambiguity_category"":""ONE_MODERATE_LEADER"",""benchmark_outcome"":""LIKELY_NO_OFFICIAL_WEBSITE"",""human_domain_in_stored_candidates"":false,""human_domain_is_diagnostic_leader"":false,""review_difficulty"":""NOT_STATED""}"
src_75cc2f84e2ce7716e0a6afb2f27b5a655a2503577eb11918ca52f83b83c86f41,HUMAN_REVIEW,xlsx:ambiguity_human_review_100.xlsx:sha256:5450081cd9db4c7cf6c6c1373ba9cfb25060032077c1cf619f672e25ec441d4f,Andrej Solinc,DISCOVERY_AMBIGUITY_HUMAN_REVIEW,1,2026-10-10T20:04:40Z,"{""raw_sheet"":""RAW DATA"",""review_sheet"":""REVIEW"",""reviewed_companies"":100,""workbook_filename"":""ambiguity_human_review_100.xlsx"",""workbook_sha256"":""5450081cd9db4c7cf6c6c1373ba9cfb25060032077c1cf619f672e25ec441d4f""}",assert_90386383612479b1bb090bf359166b5b1743fd3b6f9734a20e771458988d8c45,7566,OFFICIAL_WEBSITE,,[],LIKELY_NO_OFFICIAL_WEBSITE,66,HUMAN_VALIDATED,400,MEDIUM,"[{""row_number"":67,""sample_position"":66,""sheet"":""REVIEW"",""source_identifier"":""xlsx:ambiguity_human_review_100.xlsx:sha256:5450081cd9db4c7cf6c6c1373ba9cfb25060032077c1cf619f672e25ec441d4f"",""type"":""HUMAN_REVIEW_WORKBOOK_ROW""},{""ambiguity_category"":""ONE_MODERATE_LEADER"",""canonical_company_id"":7566,""row_number"":67,""sample_position"":66,""sheet"":""RAW DATA"",""type"":""DISCOVERY_AMBIGUITY_AUDIT_ROW""}]",2026-10-10T20:04:40Z,2026-10-10T20:04:40Z,2026-10-10T20:04:40Z,,REVIEW_ON_CONFLICT_OR_MATERIAL_COMPANY_CHANGE,[],[],nisem našel www,"{""ambiguity_category"":""ONE_MODERATE_LEADER"",""benchmark_outcome"":""LIKELY_NO_OFFICIAL_WEBSITE"",""human_domain_in_stored_candidates"":false,""human_domain_is_diagnostic_leader"":false,""review_difficulty"":""NOT_STATED""}"
src_75cc2f84e2ce7716e0a6afb2f27b5a655a2503577eb11918ca52f83b83c86f41,HUMAN_REVIEW,xlsx:ambiguity_human_review_100.xlsx:sha256:5450081cd9db4c7cf6c6c1373ba9cfb25060032077c1cf619f672e25ec441d4f,Andrej Solinc,DISCOVERY_AMBIGUITY_HUMAN_REVIEW,1,2026-10-10T20:04:40Z,"{""raw_sheet"":""RAW DATA"",""review_sheet"":""REVIEW"",""reviewed_companies"":100,""workbook_filename"":""ambiguity_human_review_100.xlsx"",""workbook_sha256"":""5450081cd9db4c7cf6c6c1373ba9cfb25060032077c1cf619f672e25ec441d4f""}",assert_06b1d30030ddff801f46f73fa5c24dd36af69ea1f7bf85d86dda363e808334d5,11873,OFFICIAL_WEBSITE,vrtnicenter-rogaska.si,"[""vrtnicenter-rogaska.si""]",CONFIRMED_OFFICIAL_WEBSITE,67,HUMAN_VALIDATED,400,HIGH,"[{""row_number"":68,""sample_position"":67,""sheet"":""REVIEW"",""source_identifier"":""xlsx:ambiguity_human_review_100.xlsx:sha256:5450081cd9db4c7cf6c6c1373ba9cfb25060032077c1cf619f672e25ec441d4f"",""type"":""HUMAN_REVIEW_WORKBOOK_ROW""},{""ambiguity_category"":""ONE_MODERATE_LEADER"",""canonical_company_id"":11873,""row_number"":68,""sample_position"":67,""sheet"":""RAW DATA"",""type"":""DISCOVERY_AMBIGUITY_AUDIT_ROW""}]",2026-10-10T20:04:40Z,2026-10-10T20:04:40Z,2026-10-10T20:04:40Z,,REVIEW_ON_CONFLICT_OR_MATERIAL_COMPANY_CHANGE,[],[],težko najti,"{""ambiguity_category"":""ONE_MODERATE_LEADER"",""benchmark_outcome"":""CORRECT_DOMAIN_ALREADY_IN_STORED_EVIDENCE"",""human_domain_in_stored_candidates"":true,""human_domain_is_diagnostic_leader"":true,""review_difficulty"":""DIFFICULT_TO_FIND""}"
src_75cc2f84e2ce7716e0a6afb2f27b5a655a2503577eb11918ca52f83b83c86f41,HUMAN_REVIEW,xlsx:ambiguity_human_review_100.xlsx:sha256:5450081cd9db4c7cf6c6c1373ba9cfb25060032077c1cf619f672e25ec441d4f,Andrej Solinc,DISCOVERY_AMBIGUITY_HUMAN_REVIEW,1,2026-10-10T20:04:40Z,"{""raw_sheet"":""RAW DATA"",""review_sheet"":""REVIEW"",""reviewed_companies"":100,""workbook_filename"":""ambiguity_human_review_100.xlsx"",""workbook_sha256"":""5450081cd9db4c7cf6c6c1373ba9cfb25060032077c1cf619f672e25ec441d4f""}",assert_c47aeec1d4b34081c44e72e04612367f0db50b8754d9da814743bdd5e2bb5173,16060,OFFICIAL_WEBSITE,,[],LIKELY_NO_OFFICIAL_WEBSITE,68,HUMAN_VALIDATED,400,MEDIUM,"[{""row_number"":69,""sample_position"":68,""sheet"":""REVIEW"",""source_identifier"":""xlsx:ambiguity_human_review_100.xlsx:sha256:5450081cd9db4c7cf6c6c1373ba9cfb25060032077c1cf619f672e25ec441d4f"",""type"":""HUMAN_REVIEW_WORKBOOK_ROW""},{""ambiguity_category"":""ONE_MODERATE_LEADER"",""canonical_company_id"":16060,""row_number"":69,""sample_position"":68,""sheet"":""RAW DATA"",""type"":""DISCOVERY_AMBIGUITY_AUDIT_ROW""}]",2026-10-10T20:04:40Z,2026-10-10T20:04:40Z,2026-10-10T20:04:40Z,,REVIEW_ON_CONFLICT_OR_MATERIAL_COMPANY_CHANGE,[],[],nisem našel www,"{""ambiguity_category"":""ONE_MODERATE_LEADER"",""benchmark_outcome"":""LIKELY_NO_OFFICIAL_WEBSITE"",""human_domain_in_stored_candidates"":false,""human_domain_is_diagnostic_leader"":false,""review_difficulty"":""NOT_STATED""}"
src_75cc2f84e2ce7716e0a6afb2f27b5a655a2503577eb11918ca52f83b83c86f41,HUMAN_REVIEW,xlsx:ambiguity_human_review_100.xlsx:sha256:5450081cd9db4c7cf6c6c1373ba9cfb25060032077c1cf619f672e25ec441d4f,Andrej Solinc,DISCOVERY_AMBIGUITY_HUMAN_REVIEW,1,2026-10-10T20:04:40Z,"{""raw_sheet"":""RAW DATA"",""review_sheet"":""REVIEW"",""reviewed_companies"":100,""workbook_filename"":""ambiguity_human_review_100.xlsx"",""workbook_sha256"":""5450081cd9db4c7cf6c6c1373ba9cfb25060032077c1cf619f672e25ec441d4f""}",assert_7340df96b52d39e26c06878d9a067a939ad03f77a84e2931ee73d1478178e989,8462,OFFICIAL_WEBSITE,http://www.arhitekturakrusec.si,"[""arhitekturakrusec.si""]",CONFIRMED_OFFICIAL_WEBSITE,69,HUMAN_VALIDATED,400,HIGH,"[{""row_number"":70,""sample_position"":69,""sheet"":""REVIEW"",""source_identifier"":""xlsx:ambiguity_human_review_100.xlsx:sha256:5450081cd9db4c7cf6c6c1373ba9cfb25060032077c1cf619f672e25ec441d4f"",""type"":""HUMAN_REVIEW_WORKBOOK_ROW""},{""ambiguity_category"":""ONE_MODERATE_LEADER"",""canonical_company_id"":8462,""row_number"":70,""sample_position"":69,""sheet"":""RAW DATA"",""type"":""DISCOVERY_AMBIGUITY_AUDIT_ROW""}]",2026-10-10T20:04:40Z,2026-10-10T20:04:40Z,2026-10-10T20:04:40Z,,REVIEW_ON_CONFLICT_OR_MATERIAL_COMPANY_CHANGE,[],[],lahko najti,"{""ambiguity_category"":""ONE_MODERATE_LEADER"",""benchmark_outcome"":""CORRECT_DOMAIN_ALREADY_IN_STORED_EVIDENCE"",""human_domain_in_stored_candidates"":true,""human_domain_is_diagnostic_leader"":true,""review_difficulty"":""EASY_TO_FIND""}"
src_75cc2f84e2ce7716e0a6afb2f27b5a655a2503577eb11918ca52f83b83c86f41,HUMAN_REVIEW,xlsx:ambiguity_human_review_100.xlsx:sha256:5450081cd9db4c7cf6c6c1373ba9cfb25060032077c1cf619f672e25ec441d4f,Andrej Solinc,DISCOVERY_AMBIGUITY_HUMAN_REVIEW,1,2026-10-10T20:04:40Z,"{""raw_sheet"":""RAW DATA"",""review_sheet"":""REVIEW"",""reviewed_companies"":100,""workbook_filename"":""ambiguity_human_review_100.xlsx"",""workbook_sha256"":""5450081cd9db4c7cf6c6c1373ba9cfb25060032077c1cf619f672e25ec441d4f""}",assert_34e62841062b7eb7a19dd28ca3218b426209e1ace011708d69fec30a84a8e675,8494,OFFICIAL_WEBSITE,,[],COMPLEX_RELATIONSHIP,70,HUMAN_VALIDATED,400,MEDIUM,"[{""row_number"":71,""sample_position"":70,""sheet"":""REVIEW"",""source_identifier"":""xlsx:ambiguity_human_review_100.xlsx:sha256:5450081cd9db4c7cf6c6c1373ba9cfb25060032077c1cf619f672e25ec441d4f"",""type"":""HUMAN_REVIEW_WORKBOOK_ROW""},{""ambiguity_category"":""ONE_MODERATE_LEADER"",""canonical_company_id"":8494,""row_number"":71,""sample_position"":70,""sheet"":""RAW DATA"",""type"":""DISCOVERY_AMBIGUITY_AUDIT_ROW""}]",2026-10-10T20:04:40Z,2026-10-10T20:04:40Z,2026-10-10T20:04:40Z,,REVIEW_ON_CONFLICT_OR_MATERIAL_COMPANY_CHANGE,[],[],"nisem našel www;ly-holding.com je pravilno najdena stran iz email naslova ampak se gre za neko avstrijsko stran, morda principal","{""ambiguity_category"":""ONE_MODERATE_LEADER"",""benchmark_outcome"":""COMPLEX_BRAND_OR_GROUP_RELATIONSHIP"",""human_domain_in_stored_candidates"":false,""human_domain_is_diagnostic_leader"":false,""review_difficulty"":""NOT_STATED""}"
src_75cc2f84e2ce7716e0a6afb2f27b5a655a2503577eb11918ca52f83b83c86f41,HUMAN_REVIEW,xlsx:ambiguity_human_review_100.xlsx:sha256:5450081cd9db4c7cf6c6c1373ba9cfb25060032077c1cf619f672e25ec441d4f,Andrej Solinc,DISCOVERY_AMBIGUITY_HUMAN_REVIEW,1,2026-10-10T20:04:40Z,"{""raw_sheet"":""RAW DATA"",""review_sheet"":""REVIEW"",""reviewed_companies"":100,""workbook_filename"":""ambiguity_human_review_100.xlsx"",""workbook_sha256"":""5450081cd9db4c7cf6c6c1373ba9cfb25060032077c1cf619f672e25ec441d4f""}",assert_d385118a2daa08adf4f28aafd13a348456e3cafa954c1927d93ec3dc2d9c6680,12712,OFFICIAL_WEBSITE,,[],LIKELY_NO_OFFICIAL_WEBSITE,71,HUMAN_VALIDATED,400,MEDIUM,"[{""row_number"":72,""sample_position"":71,""sheet"":""REVIEW"",""source_identifier"":""xlsx:ambiguity_human_review_100.xlsx:sha256:5450081cd9db4c7cf6c6c1373ba9cfb25060032077c1cf619f672e25ec441d4f"",""type"":""HUMAN_REVIEW_WORKBOOK_ROW""},{""ambiguity_category"":""ONE_CLEAR_EVIDENCE_LEADER"",""canonical_company_id"":12712,""row_number"":72,""sample_position"":71,""sheet"":""RAW DATA"",""type"":""DISCOVERY_AMBIGUITY_AUDIT_ROW""}]",2026-10-10T20:04:40Z,2026-10-10T20:04:40Z,2026-10-10T20:04:40Z,,REVIEW_ON_CONFLICT_OR_MATERIAL_COMPANY_CHANGE,[],[],nisem našel www,"{""ambiguity_category"":""ONE_CLEAR_EVIDENCE_LEADER"",""benchmark_outcome"":""LIKELY_NO_OFFICIAL_WEBSITE"",""human_domain_in_stored_candidates"":false,""human_domain_is_diagnostic_leader"":false,""review_difficulty"":""NOT_STATED""}"
src_75cc2f84e2ce7716e0a6afb2f27b5a655a2503577eb11918ca52f83b83c86f41,HUMAN_REVIEW,xlsx:ambiguity_human_review_100.xlsx:sha256:5450081cd9db4c7cf6c6c1373ba9cfb25060032077c1cf619f672e25ec441d4f,Andrej Solinc,DISCOVERY_AMBIGUITY_HUMAN_REVIEW,1,2026-10-10T20:04:40Z,"{""raw_sheet"":""RAW DATA"",""review_sheet"":""REVIEW"",""reviewed_companies"":100,""workbook_filename"":""ambiguity_human_review_100.xlsx"",""workbook_sha256"":""5450081cd9db4c7cf6c6c1373ba9cfb25060032077c1cf619f672e25ec441d4f""}",assert_ded8f002d2ed138aa6c8c241fafbf88ffea2c720b5f43421b81e3bfc7cb52697,18382,OFFICIAL_WEBSITE,,[],LIKELY_NO_OFFICIAL_WEBSITE,72,HUMAN_VALIDATED,400,MEDIUM,"[{""row_number"":73,""sample_position"":72,""sheet"":""REVIEW"",""source_identifier"":""xlsx:ambiguity_human_review_100.xlsx:sha256:5450081cd9db4c7cf6c6c1373ba9cfb25060032077c1cf619f672e25ec441d4f"",""type"":""HUMAN_REVIEW_WORKBOOK_ROW""},{""ambiguity_category"":""ONE_CLEAR_EVIDENCE_LEADER"",""canonical_company_id"":18382,""row_number"":73,""sample_position"":72,""sheet"":""RAW DATA"",""type"":""DISCOVERY_AMBIGUITY_AUDIT_ROW""}]",2026-10-10T20:04:40Z,2026-10-10T20:04:40Z,2026-10-10T20:04:40Z,,REVIEW_ON_CONFLICT_OR_MATERIAL_COMPANY_CHANGE,[],[],nisem našel www,"{""ambiguity_category"":""ONE_CLEAR_EVIDENCE_LEADER"",""benchmark_outcome"":""LIKELY_NO_OFFICIAL_WEBSITE"",""human_domain_in_stored_candidates"":false,""human_domain_is_diagnostic_leader"":false,""review_difficulty"":""NOT_STATED""}"
src_75cc2f84e2ce7716e0a6afb2f27b5a655a2503577eb11918ca52f83b83c86f41,HUMAN_REVIEW,xlsx:ambiguity_human_review_100.xlsx:sha256:5450081cd9db4c7cf6c6c1373ba9cfb25060032077c1cf619f672e25ec441d4f,Andrej Solinc,DISCOVERY_AMBIGUITY_HUMAN_REVIEW,1,2026-10-10T20:04:40Z,"{""raw_sheet"":""RAW DATA"",""review_sheet"":""REVIEW"",""reviewed_companies"":100,""workbook_filename"":""ambiguity_human_review_100.xlsx"",""workbook_sha256"":""5450081cd9db4c7cf6c6c1373ba9cfb25060032077c1cf619f672e25ec441d4f""}",assert_dd850620fe4163f0769ea47006d13b482fb27dc28afdf02748f61815b0581581,9787,OFFICIAL_WEBSITE,labys.si,"[""labys.si""]",CONFIRMED_OFFICIAL_WEBSITE,73,HUMAN_VALIDATED,400,HIGH,"[{""row_number"":74,""sample_position"":73,""sheet"":""REVIEW"",""source_identifier"":""xlsx:ambiguity_human_review_100.xlsx:sha256:5450081cd9db4c7cf6c6c1373ba9cfb25060032077c1cf619f672e25ec441d4f"",""type"":""HUMAN_REVIEW_WORKBOOK_ROW""},{""ambiguity_category"":""ONE_CLEAR_EVIDENCE_LEADER"",""canonical_company_id"":9787,""row_number"":74,""sample_position"":73,""sheet"":""RAW DATA"",""type"":""DISCOVERY_AMBIGUITY_AUDIT_ROW""}]",2026-10-10T20:04:40Z,2026-10-10T20:04:40Z,2026-10-10T20:04:40Z,,REVIEW_ON_CONFLICT_OR_MATERIAL_COMPANY_CHANGE,[],[],težko najti,"{""ambiguity_category"":""ONE_CLEAR_EVIDENCE_LEADER"",""benchmark_outcome"":""CORRECT_DOMAIN_ALREADY_IN_STORED_EVIDENCE"",""human_domain_in_stored_candidates"":true,""human_domain_is_diagnostic_leader"":true,""review_difficulty"":""DIFFICULT_TO_FIND""}"
src_75cc2f84e2ce7716e0a6afb2f27b5a655a2503577eb11918ca52f83b83c86f41,HUMAN_REVIEW,xlsx:ambiguity_human_review_100.xlsx:sha256:5450081cd9db4c7cf6c6c1373ba9cfb25060032077c1cf619f672e25ec441d4f,Andrej Solinc,DISCOVERY_AMBIGUITY_HUMAN_REVIEW,1,2026-10-10T20:04:40Z,"{""raw_sheet"":""RAW DATA"",""review_sheet"":""REVIEW"",""reviewed_companies"":100,""workbook_filename"":""ambiguity_human_review_100.xlsx"",""workbook_sha256"":""5450081cd9db4c7cf6c6c1373ba9cfb25060032077c1cf619f672e25ec441d4f""}",assert_8187930ea44fbd2b3c96ec53fcc11bc9024e05eec7455e48dd0ee72da1f69232,13545,OFFICIAL_WEBSITE,,[],LIKELY_NO_OFFICIAL_WEBSITE,74,HUMAN_VALIDATED,400,MEDIUM,"[{""row_number"":75,""sample_position"":74,""sheet"":""REVIEW"",""source_identifier"":""xlsx:ambiguity_human_review_100.xlsx:sha256:5450081cd9db4c7cf6c6c1373ba9cfb25060032077c1cf619f672e25ec441d4f"",""type"":""HUMAN_REVIEW_WORKBOOK_ROW""},{""ambiguity_category"":""ONE_CLEAR_EVIDENCE_LEADER"",""canonical_company_id"":13545,""row_number"":75,""sample_position"":74,""sheet"":""RAW DATA"",""type"":""DISCOVERY_AMBIGUITY_AUDIT_ROW""}]",2026-10-10T20:04:40Z,2026-10-10T20:04:40Z,2026-10-10T20:04:40Z,,REVIEW_ON_CONFLICT_OR_MATERIAL_COMPANY_CHANGE,[],[],nisem našel www,"{""ambiguity_category"":""ONE_CLEAR_EVIDENCE_LEADER"",""benchmark_outcome"":""LIKELY_NO_OFFICIAL_WEBSITE"",""human_domain_in_stored_candidates"":false,""human_domain_is_diagnostic_leader"":false,""review_difficulty"":""NOT_STATED""}"
src_75cc2f84e2ce7716e0a6afb2f27b5a655a2503577eb11918ca52f83b83c86f41,HUMAN_REVIEW,xlsx:ambiguity_human_review_100.xlsx:sha256:5450081cd9db4c7cf6c6c1373ba9cfb25060032077c1cf619f672e25ec441d4f,Andrej Solinc,DISCOVERY_AMBIGUITY_HUMAN_REVIEW,1,2026-10-10T20:04:40Z,"{""raw_sheet"":""RAW DATA"",""review_sheet"":""REVIEW"",""reviewed_companies"":100,""workbook_filename"":""ambiguity_human_review_100.xlsx"",""workbook_sha256"":""5450081cd9db4c7cf6c6c1373ba9cfb25060032077c1cf619f672e25ec441d4f""}",assert_7988d3e5369eea0d6cc37345af860faa00527b882be41daeebefb413f201fbb9,10860,OFFICIAL_WEBSITE,https://www.svarmsys.com/,"[""svarmsys.com""]",CONFIRMED_OFFICIAL_WEBSITE,75,HUMAN_VALIDATED,400,HIGH,"[{""row_number"":76,""sample_position"":75,""sheet"":""REVIEW"",""source_identifier"":""xlsx:ambiguity_human_review_100.xlsx:sha256:5450081cd9db4c7cf6c6c1373ba9cfb25060032077c1cf619f672e25ec441d4f"",""type"":""HUMAN_REVIEW_WORKBOOK_ROW""},{""ambiguity_category"":""ONE_CLEAR_EVIDENCE_LEADER"",""canonical_company_id"":10860,""row_number"":76,""sample_position"":75,""sheet"":""RAW DATA"",""type"":""DISCOVERY_AMBIGUITY_AUDIT_ROW""}]",2026-10-10T20:04:40Z,2026-10-10T20:04:40Z,2026-10-10T20:04:40Z,,REVIEW_ON_CONFLICT_OR_MATERIAL_COMPANY_CHANGE,[],[],težko najti,"{""ambiguity_category"":""ONE_CLEAR_EVIDENCE_LEADER"",""benchmark_outcome"":""CORRECT_DOMAIN_PRESENT_BUT_NOT_SELECTED"",""human_domain_in_stored_candidates"":true,""human_domain_is_diagnostic_leader"":false,""review_difficulty"":""DIFFICULT_TO_FIND""}"
src_75cc2f84e2ce7716e0a6afb2f27b5a655a2503577eb11918ca52f83b83c86f41,HUMAN_REVIEW,xlsx:ambiguity_human_review_100.xlsx:sha256:5450081cd9db4c7cf6c6c1373ba9cfb25060032077c1cf619f672e25ec441d4f,Andrej Solinc,DISCOVERY_AMBIGUITY_HUMAN_REVIEW,1,2026-10-10T20:04:40Z,"{""raw_sheet"":""RAW DATA"",""review_sheet"":""REVIEW"",""reviewed_companies"":100,""workbook_filename"":""ambiguity_human_review_100.xlsx"",""workbook_sha256"":""5450081cd9db4c7cf6c6c1373ba9cfb25060032077c1cf619f672e25ec441d4f""}",assert_19ed2d4a84b3a50a269bae55e6572821ad2f1ae55e3623e62a78ee63386f28b4,12682,OFFICIAL_WEBSITE,,[],LIKELY_NO_OFFICIAL_WEBSITE,76,HUMAN_VALIDATED,400,MEDIUM,"[{""row_number"":77,""sample_position"":76,""sheet"":""REVIEW"",""source_identifier"":""xlsx:ambiguity_human_review_100.xlsx:sha256:5450081cd9db4c7cf6c6c1373ba9cfb25060032077c1cf619f672e25ec441d4f"",""type"":""HUMAN_REVIEW_WORKBOOK_ROW""},{""ambiguity_category"":""ONE_CLEAR_EVIDENCE_LEADER"",""canonical_company_id"":12682,""row_number"":77,""sample_position"":76,""sheet"":""RAW DATA"",""type"":""DISCOVERY_AMBIGUITY_AUDIT_ROW""}]",2026-10-10T20:04:40Z,2026-10-10T20:04:40Z,2026-10-10T20:04:40Z,,REVIEW_ON_CONFLICT_OR_MATERIAL_COMPANY_CHANGE,[],[],nisem našel www,"{""ambiguity_category"":""ONE_CLEAR_EVIDENCE_LEADER"",""benchmark_outcome"":""LIKELY_NO_OFFICIAL_WEBSITE"",""human_domain_in_stored_candidates"":false,""human_domain_is_diagnostic_leader"":false,""review_difficulty"":""NOT_STATED""}"
src_75cc2f84e2ce7716e0a6afb2f27b5a655a2503577eb11918ca52f83b83c86f41,HUMAN_REVIEW,xlsx:ambiguity_human_review_100.xlsx:sha256:5450081cd9db4c7cf6c6c1373ba9cfb25060032077c1cf619f672e25ec441d4f,Andrej Solinc,DISCOVERY_AMBIGUITY_HUMAN_REVIEW,1,2026-10-10T20:04:40Z,"{""raw_sheet"":""RAW DATA"",""review_sheet"":""REVIEW"",""reviewed_companies"":100,""workbook_filename"":""ambiguity_human_review_100.xlsx"",""workbook_sha256"":""5450081cd9db4c7cf6c6c1373ba9cfb25060032077c1cf619f672e25ec441d4f""}",assert_b3c71b59f543af55c9c6e25c76f72ff61181dd938e4d3ab4e9d63e154d98265d,11788,OFFICIAL_WEBSITE,dallas.si,"[""dallas.si""]",CONFIRMED_OFFICIAL_WEBSITE,77,HUMAN_VALIDATED,400,HIGH,"[{""row_number"":78,""sample_position"":77,""sheet"":""REVIEW"",""source_identifier"":""xlsx:ambiguity_human_review_100.xlsx:sha256:5450081cd9db4c7cf6c6c1373ba9cfb25060032077c1cf619f672e25ec441d4f"",""type"":""HUMAN_REVIEW_WORKBOOK_ROW""},{""ambiguity_category"":""ONE_CLEAR_EVIDENCE_LEADER"",""canonical_company_id"":11788,""row_number"":78,""sample_position"":77,""sheet"":""RAW DATA"",""type"":""DISCOVERY_AMBIGUITY_AUDIT_ROW""}]",2026-10-10T20:04:40Z,2026-10-10T20:04:40Z,2026-10-10T20:04:40Z,,REVIEW_ON_CONFLICT_OR_MATERIAL_COMPANY_CHANGE,[],[],težko najti,"{""ambiguity_category"":""ONE_CLEAR_EVIDENCE_LEADER"",""benchmark_outcome"":""OFFICIAL_EXISTS_BUT_SEARCH_MISSED"",""human_domain_in_stored_candidates"":false,""human_domain_is_diagnostic_leader"":false,""review_difficulty"":""DIFFICULT_TO_FIND""}"
src_75cc2f84e2ce7716e0a6afb2f27b5a655a2503577eb11918ca52f83b83c86f41,HUMAN_REVIEW,xlsx:ambiguity_human_review_100.xlsx:sha256:5450081cd9db4c7cf6c6c1373ba9cfb25060032077c1cf619f672e25ec441d4f,Andrej Solinc,DISCOVERY_AMBIGUITY_HUMAN_REVIEW,1,2026-10-10T20:04:40Z,"{""raw_sheet"":""RAW DATA"",""review_sheet"":""REVIEW"",""reviewed_companies"":100,""workbook_filename"":""ambiguity_human_review_100.xlsx"",""workbook_sha256"":""5450081cd9db4c7cf6c6c1373ba9cfb25060032077c1cf619f672e25ec441d4f""}",assert_0ba8573dacba41406cd794cb90eb60ff5bf28e5eee632b2f94fa04e99d93c14b,14910,OFFICIAL_WEBSITE,,[],LIKELY_NO_OFFICIAL_WEBSITE,78,HUMAN_VALIDATED,400,MEDIUM,"[{""row_number"":79,""sample_position"":78,""sheet"":""REVIEW"",""source_identifier"":""xlsx:ambiguity_human_review_100.xlsx:sha256:5450081cd9db4c7cf6c6c1373ba9cfb25060032077c1cf619f672e25ec441d4f"",""type"":""HUMAN_REVIEW_WORKBOOK_ROW""},{""ambiguity_category"":""ONE_CLEAR_EVIDENCE_LEADER"",""canonical_company_id"":14910,""row_number"":79,""sample_position"":78,""sheet"":""RAW DATA"",""type"":""DISCOVERY_AMBIGUITY_AUDIT_ROW""}]",2026-10-10T20:04:40Z,2026-10-10T20:04:40Z,2026-10-10T20:04:40Z,,REVIEW_ON_CONFLICT_OR_MATERIAL_COMPANY_CHANGE,[],[],nisem našel www,"{""ambiguity_category"":""ONE_CLEAR_EVIDENCE_LEADER"",""benchmark_outcome"":""LIKELY_NO_OFFICIAL_WEBSITE"",""human_domain_in_stored_candidates"":false,""human_domain_is_diagnostic_leader"":false,""review_difficulty"":""NOT_STATED""}"
src_75cc2f84e2ce7716e0a6afb2f27b5a655a2503577eb11918ca52f83b83c86f41,HUMAN_REVIEW,xlsx:ambiguity_human_review_100.xlsx:sha256:5450081cd9db4c7cf6c6c1373ba9cfb25060032077c1cf619f672e25ec441d4f,Andrej Solinc,DISCOVERY_AMBIGUITY_HUMAN_REVIEW,1,2026-10-10T20:04:40Z,"{""raw_sheet"":""RAW DATA"",""review_sheet"":""REVIEW"",""reviewed_companies"":100,""workbook_filename"":""ambiguity_human_review_100.xlsx"",""workbook_sha256"":""5450081cd9db4c7cf6c6c1373ba9cfb25060032077c1cf619f672e25ec441d4f""}",assert_d32a2ec152d51ab5153c174b549314f434aca5a7e4d44bc1fafdc9b3241e6736,8509,OFFICIAL_WEBSITE,,[],LIKELY_NO_OFFICIAL_WEBSITE,79,HUMAN_VALIDATED,400,MEDIUM,"[{""row_number"":80,""sample_position"":79,""sheet"":""REVIEW"",""source_identifier"":""xlsx:ambiguity_human_review_100.xlsx:sha256:5450081cd9db4c7cf6c6c1373ba9cfb25060032077c1cf619f672e25ec441d4f"",""type"":""HUMAN_REVIEW_WORKBOOK_ROW""},{""ambiguity_category"":""ONE_CLEAR_EVIDENCE_LEADER"",""canonical_company_id"":8509,""row_number"":80,""sample_position"":79,""sheet"":""RAW DATA"",""type"":""DISCOVERY_AMBIGUITY_AUDIT_ROW""}]",2026-10-10T20:04:40Z,2026-10-10T20:04:40Z,2026-10-10T20:04:40Z,,REVIEW_ON_CONFLICT_OR_MATERIAL_COMPANY_CHANGE,[],[],nisem našel www,"{""ambiguity_category"":""ONE_CLEAR_EVIDENCE_LEADER"",""benchmark_outcome"":""LIKELY_NO_OFFICIAL_WEBSITE"",""human_domain_in_stored_candidates"":false,""human_domain_is_diagnostic_leader"":false,""review_difficulty"":""NOT_STATED""}"
src_75cc2f84e2ce7716e0a6afb2f27b5a655a2503577eb11918ca52f83b83c86f41,HUMAN_REVIEW,xlsx:ambiguity_human_review_100.xlsx:sha256:5450081cd9db4c7cf6c6c1373ba9cfb25060032077c1cf619f672e25ec441d4f,Andrej Solinc,DISCOVERY_AMBIGUITY_HUMAN_REVIEW,1,2026-10-10T20:04:40Z,"{""raw_sheet"":""RAW DATA"",""review_sheet"":""REVIEW"",""reviewed_companies"":100,""workbook_filename"":""ambiguity_human_review_100.xlsx"",""workbook_sha256"":""5450081cd9db4c7cf6c6c1373ba9cfb25060032077c1cf619f672e25ec441d4f""}",assert_bd8b4bd62befc3e48f8a084a97aafbe90c9141fbf8d00a0c914d4622dd2737f3,11085,OFFICIAL_WEBSITE,elektro-bratina.si,"[""elektro-bratina.si""]",CONFIRMED_OFFICIAL_WEBSITE,80,HUMAN_VALIDATED,400,HIGH,"[{""row_number"":81,""sample_position"":80,""sheet"":""REVIEW"",""source_identifier"":""xlsx:ambiguity_human_review_100.xlsx:sha256:5450081cd9db4c7cf6c6c1373ba9cfb25060032077c1cf619f672e25ec441d4f"",""type"":""HUMAN_REVIEW_WORKBOOK_ROW""},{""ambiguity_category"":""ONE_CLEAR_EVIDENCE_LEADER"",""canonical_company_id"":11085,""row_number"":81,""sample_position"":80,""sheet"":""RAW DATA"",""type"":""DISCOVERY_AMBIGUITY_AUDIT_ROW""}]",2026-10-10T20:04:40Z,2026-10-10T20:04:40Z,2026-10-10T20:04:40Z,,REVIEW_ON_CONFLICT_OR_MATERIAL_COMPANY_CHANGE,[],[],stran brez vsebine,"{""ambiguity_category"":""ONE_CLEAR_EVIDENCE_LEADER"",""benchmark_outcome"":""OFFICIAL_EXISTS_BUT_SEARCH_MISSED"",""human_domain_in_stored_candidates"":false,""human_domain_is_diagnostic_leader"":false,""review_difficulty"":""NOT_STATED""}"
src_75cc2f84e2ce7716e0a6afb2f27b5a655a2503577eb11918ca52f83b83c86f41,HUMAN_REVIEW,xlsx:ambiguity_human_review_100.xlsx:sha256:5450081cd9db4c7cf6c6c1373ba9cfb25060032077c1cf619f672e25ec441d4f,Andrej Solinc,DISCOVERY_AMBIGUITY_HUMAN_REVIEW,1,2026-10-10T20:04:40Z,"{""raw_sheet"":""RAW DATA"",""review_sheet"":""REVIEW"",""reviewed_companies"":100,""workbook_filename"":""ambiguity_human_review_100.xlsx"",""workbook_sha256"":""5450081cd9db4c7cf6c6c1373ba9cfb25060032077c1cf619f672e25ec441d4f""}",assert_9f4cae35a2b1ce797c313f0de238136b74259993e252e85c01bee8a67e88491a,18010,OFFICIAL_WEBSITE,prcvetu.com,"[""prcvetu.com""]",CONFIRMED_OFFICIAL_WEBSITE,81,HUMAN_VALIDATED,400,HIGH,"[{""row_number"":82,""sample_position"":81,""sheet"":""REVIEW"",""source_identifier"":""xlsx:ambiguity_human_review_100.xlsx:sha256:5450081cd9db4c7cf6c6c1373ba9cfb25060032077c1cf619f672e25ec441d4f"",""type"":""HUMAN_REVIEW_WORKBOOK_ROW""},{""ambiguity_category"":""ONE_CLEAR_EVIDENCE_LEADER"",""canonical_company_id"":18010,""row_number"":82,""sample_position"":81,""sheet"":""RAW DATA"",""type"":""DISCOVERY_AMBIGUITY_AUDIT_ROW""}]",2026-10-10T20:04:40Z,2026-10-10T20:04:40Z,2026-10-10T20:04:40Z,,REVIEW_ON_CONFLICT_OR_MATERIAL_COMPANY_CHANGE,[],[],praktično nemogoče najti brez ai,"{""ambiguity_category"":""ONE_CLEAR_EVIDENCE_LEADER"",""benchmark_outcome"":""HUMAN_REVIEW_UNRESOLVED"",""human_domain_in_stored_candidates"":false,""human_domain_is_diagnostic_leader"":false,""review_difficulty"":""DIFFICULT_TO_FIND""}"
src_75cc2f84e2ce7716e0a6afb2f27b5a655a2503577eb11918ca52f83b83c86f41,HUMAN_REVIEW,xlsx:ambiguity_human_review_100.xlsx:sha256:5450081cd9db4c7cf6c6c1373ba9cfb25060032077c1cf619f672e25ec441d4f,Andrej Solinc,DISCOVERY_AMBIGUITY_HUMAN_REVIEW,1,2026-10-10T20:04:40Z,"{""raw_sheet"":""RAW DATA"",""review_sheet"":""REVIEW"",""reviewed_companies"":100,""workbook_filename"":""ambiguity_human_review_100.xlsx"",""workbook_sha256"":""5450081cd9db4c7cf6c6c1373ba9cfb25060032077c1cf619f672e25ec441d4f""}",assert_82eee85f534ddeaf5678d73ae16d7aaf6ffeb85611e92e19841c17a55737c4dc,18250,OFFICIAL_WEBSITE,,[],LIKELY_NO_OFFICIAL_WEBSITE,82,HUMAN_VALIDATED,400,MEDIUM,"[{""row_number"":83,""sample_position"":82,""sheet"":""REVIEW"",""source_identifier"":""xlsx:ambiguity_human_review_100.xlsx:sha256:5450081cd9db4c7cf6c6c1373ba9cfb25060032077c1cf619f672e25ec441d4f"",""type"":""HUMAN_REVIEW_WORKBOOK_ROW""},{""ambiguity_category"":""ONE_CLEAR_EVIDENCE_LEADER"",""canonical_company_id"":18250,""row_number"":83,""sample_position"":82,""sheet"":""RAW DATA"",""type"":""DISCOVERY_AMBIGUITY_AUDIT_ROW""}]",2026-10-10T20:04:40Z,2026-10-10T20:04:40Z,2026-10-10T20:04:40Z,,REVIEW_ON_CONFLICT_OR_MATERIAL_COMPANY_CHANGE,[],[],nisem našel www,"{""ambiguity_category"":""ONE_CLEAR_EVIDENCE_LEADER"",""benchmark_outcome"":""LIKELY_NO_OFFICIAL_WEBSITE"",""human_domain_in_stored_candidates"":false,""human_domain_is_diagnostic_leader"":false,""review_difficulty"":""NOT_STATED""}"
src_75cc2f84e2ce7716e0a6afb2f27b5a655a2503577eb11918ca52f83b83c86f41,HUMAN_REVIEW,xlsx:ambiguity_human_review_100.xlsx:sha256:5450081cd9db4c7cf6c6c1373ba9cfb25060032077c1cf619f672e25ec441d4f,Andrej Solinc,DISCOVERY_AMBIGUITY_HUMAN_REVIEW,1,2026-10-10T20:04:40Z,"{""raw_sheet"":""RAW DATA"",""review_sheet"":""REVIEW"",""reviewed_companies"":100,""workbook_filename"":""ambiguity_human_review_100.xlsx"",""workbook_sha256"":""5450081cd9db4c7cf6c6c1373ba9cfb25060032077c1cf619f672e25ec441d4f""}",assert_8edefe1bdb9e590b175ba35ffecaedc382c00d1dee1791b5ee44080e16d0f96c,4592,OFFICIAL_WEBSITE,www.alpo-doo.si,"[""alpo-doo.si""]",CONFIRMED_OFFICIAL_WEBSITE,83,HUMAN_VALIDATED,400,HIGH,"[{""row_number"":84,""sample_position"":83,""sheet"":""REVIEW"",""source_identifier"":""xlsx:ambiguity_human_review_100.xlsx:sha256:5450081cd9db4c7cf6c6c1373ba9cfb25060032077c1cf619f672e25ec441d4f"",""type"":""HUMAN_REVIEW_WORKBOOK_ROW""},{""ambiguity_category"":""ONE_CLEAR_EVIDENCE_LEADER"",""canonical_company_id"":4592,""row_number"":84,""sample_position"":83,""sheet"":""RAW DATA"",""type"":""DISCOVERY_AMBIGUITY_AUDIT_ROW""}]",2026-10-10T20:04:40Z,2026-10-10T20:04:40Z,2026-10-10T20:04:40Z,,REVIEW_ON_CONFLICT_OR_MATERIAL_COMPANY_CHANGE,[],[],"domena dobro vidna, samo stran se pa ne odpre","{""ambiguity_category"":""ONE_CLEAR_EVIDENCE_LEADER"",""benchmark_outcome"":""CORRECT_DOMAIN_ALREADY_IN_STORED_EVIDENCE"",""human_domain_in_stored_candidates"":true,""human_domain_is_diagnostic_leader"":true,""review_difficulty"":""NOT_STATED""}"
src_75cc2f84e2ce7716e0a6afb2f27b5a655a2503577eb11918ca52f83b83c86f41,HUMAN_REVIEW,xlsx:ambiguity_human_review_100.xlsx:sha256:5450081cd9db4c7cf6c6c1373ba9cfb25060032077c1cf619f672e25ec441d4f,Andrej Solinc,DISCOVERY_AMBIGUITY_HUMAN_REVIEW,1,2026-10-10T20:04:40Z,"{""raw_sheet"":""RAW DATA"",""review_sheet"":""REVIEW"",""reviewed_companies"":100,""workbook_filename"":""ambiguity_human_review_100.xlsx"",""workbook_sha256"":""5450081cd9db4c7cf6c6c1373ba9cfb25060032077c1cf619f672e25ec441d4f""}",assert_d5ab303f127a3ad3e5d99d0745d1c004d30f4d394e10dd16c7edb4b1d7da14c2,2924,OFFICIAL_WEBSITE,yaskava.si,"[""yaskava.si""]",COMPLEX_RELATIONSHIP,84,HUMAN_VALIDATED,400,MEDIUM,"[{""row_number"":85,""sample_position"":84,""sheet"":""REVIEW"",""source_identifier"":""xlsx:ambiguity_human_review_100.xlsx:sha256:5450081cd9db4c7cf6c6c1373ba9cfb25060032077c1cf619f672e25ec441d4f"",""type"":""HUMAN_REVIEW_WORKBOOK_ROW""},{""ambiguity_category"":""ONE_CLEAR_EVIDENCE_LEADER"",""canonical_company_id"":2924,""row_number"":85,""sample_position"":84,""sheet"":""RAW DATA"",""type"":""DISCOVERY_AMBIGUITY_AUDIT_ROW""}]",2026-10-10T20:04:40Z,2026-10-10T20:04:40Z,2026-10-10T20:04:40Z,,REVIEW_ON_CONFLICT_OR_MATERIAL_COMPANY_CHANGE,[],[],"konfuzno ker so korporacija, mednarodna. Zelo težko najti pravi rezultat.","{""ambiguity_category"":""ONE_CLEAR_EVIDENCE_LEADER"",""benchmark_outcome"":""COMPLEX_BRAND_OR_GROUP_RELATIONSHIP"",""human_domain_in_stored_candidates"":false,""human_domain_is_diagnostic_leader"":false,""review_difficulty"":""DIFFICULT_TO_FIND""}"
src_75cc2f84e2ce7716e0a6afb2f27b5a655a2503577eb11918ca52f83b83c86f41,HUMAN_REVIEW,xlsx:ambiguity_human_review_100.xlsx:sha256:5450081cd9db4c7cf6c6c1373ba9cfb25060032077c1cf619f672e25ec441d4f,Andrej Solinc,DISCOVERY_AMBIGUITY_HUMAN_REVIEW,1,2026-10-10T20:04:40Z,"{""raw_sheet"":""RAW DATA"",""review_sheet"":""REVIEW"",""reviewed_companies"":100,""workbook_filename"":""ambiguity_human_review_100.xlsx"",""workbook_sha256"":""5450081cd9db4c7cf6c6c1373ba9cfb25060032077c1cf619f672e25ec441d4f""}",assert_55c8d4489a999198b7a1af20a81d2b0c4e1b54cb1d6d525bf1f4b22bbcd80f31,13546,OFFICIAL_WEBSITE,https://www.gsp.si/,"[""gsp.si""]",CONFIRMED_OFFICIAL_WEBSITE,85,HUMAN_VALIDATED,400,HIGH,"[{""row_number"":86,""sample_position"":85,""sheet"":""REVIEW"",""source_identifier"":""xlsx:ambiguity_human_review_100.xlsx:sha256:5450081cd9db4c7cf6c6c1373ba9cfb25060032077c1cf619f672e25ec441d4f"",""type"":""HUMAN_REVIEW_WORKBOOK_ROW""},{""ambiguity_category"":""ONE_CLEAR_EVIDENCE_LEADER"",""canonical_company_id"":13546,""row_number"":86,""sample_position"":85,""sheet"":""RAW DATA"",""type"":""DISCOVERY_AMBIGUITY_AUDIT_ROW""}]",2026-10-10T20:04:40Z,2026-10-10T20:04:40Z,2026-10-10T20:04:40Z,,REVIEW_ON_CONFLICT_OR_MATERIAL_COMPANY_CHANGE,[],[],težje najti,"{""ambiguity_category"":""ONE_CLEAR_EVIDENCE_LEADER"",""benchmark_outcome"":""CORRECT_DOMAIN_ALREADY_IN_STORED_EVIDENCE"",""human_domain_in_stored_candidates"":true,""human_domain_is_diagnostic_leader"":true,""review_difficulty"":""DIFFICULT_TO_FIND""}"
src_75cc2f84e2ce7716e0a6afb2f27b5a655a2503577eb11918ca52f83b83c86f41,HUMAN_REVIEW,xlsx:ambiguity_human_review_100.xlsx:sha256:5450081cd9db4c7cf6c6c1373ba9cfb25060032077c1cf619f672e25ec441d4f,Andrej Solinc,DISCOVERY_AMBIGUITY_HUMAN_REVIEW,1,2026-10-10T20:04:40Z,"{""raw_sheet"":""RAW DATA"",""review_sheet"":""REVIEW"",""reviewed_companies"":100,""workbook_filename"":""ambiguity_human_review_100.xlsx"",""workbook_sha256"":""5450081cd9db4c7cf6c6c1373ba9cfb25060032077c1cf619f672e25ec441d4f""}",assert_112b3b81f2e201221fe58e8d58b09a994bfe675a8c2cec7e32b86533181c89a4,11101,OFFICIAL_WEBSITE,https://www.mizarstvo-fon.si/,"[""mizarstvo-fon.si""]",CONFIRMED_OFFICIAL_WEBSITE,86,HUMAN_VALIDATED,400,HIGH,"[{""row_number"":87,""sample_position"":86,""sheet"":""REVIEW"",""source_identifier"":""xlsx:ambiguity_human_review_100.xlsx:sha256:5450081cd9db4c7cf6c6c1373ba9cfb25060032077c1cf619f672e25ec441d4f"",""type"":""HUMAN_REVIEW_WORKBOOK_ROW""},{""ambiguity_category"":""ONE_CLEAR_EVIDENCE_LEADER"",""canonical_company_id"":11101,""row_number"":87,""sample_position"":86,""sheet"":""RAW DATA"",""type"":""DISCOVERY_AMBIGUITY_AUDIT_ROW""}]",2026-10-10T20:04:40Z,2026-10-10T20:04:40Z,2026-10-10T20:04:40Z,,REVIEW_ON_CONFLICT_OR_MATERIAL_COMPANY_CHANGE,[],[],težko najti,"{""ambiguity_category"":""ONE_CLEAR_EVIDENCE_LEADER"",""benchmark_outcome"":""CORRECT_DOMAIN_ALREADY_IN_STORED_EVIDENCE"",""human_domain_in_stored_candidates"":true,""human_domain_is_diagnostic_leader"":true,""review_difficulty"":""DIFFICULT_TO_FIND""}"
src_75cc2f84e2ce7716e0a6afb2f27b5a655a2503577eb11918ca52f83b83c86f41,HUMAN_REVIEW,xlsx:ambiguity_human_review_100.xlsx:sha256:5450081cd9db4c7cf6c6c1373ba9cfb25060032077c1cf619f672e25ec441d4f,Andrej Solinc,DISCOVERY_AMBIGUITY_HUMAN_REVIEW,1,2026-10-10T20:04:40Z,"{""raw_sheet"":""RAW DATA"",""review_sheet"":""REVIEW"",""reviewed_companies"":100,""workbook_filename"":""ambiguity_human_review_100.xlsx"",""workbook_sha256"":""5450081cd9db4c7cf6c6c1373ba9cfb25060032077c1cf619f672e25ec441d4f""}",assert_7394008e815d99fbdc0fcc052cf3847a7f23ba353c5b05f7ba1be3c9dbb9fbb0,13434,OFFICIAL_WEBSITE,,[],LIKELY_NO_OFFICIAL_WEBSITE,87,HUMAN_VALIDATED,400,MEDIUM,"[{""row_number"":88,""sample_position"":87,""sheet"":""REVIEW"",""source_identifier"":""xlsx:ambiguity_human_review_100.xlsx:sha256:5450081cd9db4c7cf6c6c1373ba9cfb25060032077c1cf619f672e25ec441d4f"",""type"":""HUMAN_REVIEW_WORKBOOK_ROW""},{""ambiguity_category"":""ONE_CLEAR_EVIDENCE_LEADER"",""canonical_company_id"":13434,""row_number"":88,""sample_position"":87,""sheet"":""RAW DATA"",""type"":""DISCOVERY_AMBIGUITY_AUDIT_ROW""}]",2026-10-10T20:04:40Z,2026-10-10T20:04:40Z,2026-10-10T20:04:40Z,,REVIEW_ON_CONFLICT_OR_MATERIAL_COMPANY_CHANGE,[],[],nisem našel www,"{""ambiguity_category"":""ONE_CLEAR_EVIDENCE_LEADER"",""benchmark_outcome"":""LIKELY_NO_OFFICIAL_WEBSITE"",""human_domain_in_stored_candidates"":false,""human_domain_is_diagnostic_leader"":false,""review_difficulty"":""NOT_STATED""}"
src_75cc2f84e2ce7716e0a6afb2f27b5a655a2503577eb11918ca52f83b83c86f41,HUMAN_REVIEW,xlsx:ambiguity_human_review_100.xlsx:sha256:5450081cd9db4c7cf6c6c1373ba9cfb25060032077c1cf619f672e25ec441d4f,Andrej Solinc,DISCOVERY_AMBIGUITY_HUMAN_REVIEW,1,2026-10-10T20:04:40Z,"{""raw_sheet"":""RAW DATA"",""review_sheet"":""REVIEW"",""reviewed_companies"":100,""workbook_filename"":""ambiguity_human_review_100.xlsx"",""workbook_sha256"":""5450081cd9db4c7cf6c6c1373ba9cfb25060032077c1cf619f672e25ec441d4f""}",assert_1eb1b97dd33a68b8c6a50404bf3cb2738d22f73e12a41bd6923b79f57b5617e5,8589,OFFICIAL_WEBSITE,https://zaytel.si,"[""zaytel.si""]",CONFIRMED_OFFICIAL_WEBSITE,88,HUMAN_VALIDATED,400,HIGH,"[{""row_number"":89,""sample_position"":88,""sheet"":""REVIEW"",""source_identifier"":""xlsx:ambiguity_human_review_100.xlsx:sha256:5450081cd9db4c7cf6c6c1373ba9cfb25060032077c1cf619f672e25ec441d4f"",""type"":""HUMAN_REVIEW_WORKBOOK_ROW""},{""ambiguity_category"":""ONE_CLEAR_EVIDENCE_LEADER"",""canonical_company_id"":8589,""row_number"":89,""sample_position"":88,""sheet"":""RAW DATA"",""type"":""DISCOVERY_AMBIGUITY_AUDIT_ROW""}]",2026-10-10T20:04:40Z,2026-10-10T20:04:40Z,2026-10-10T20:04:40Z,,REVIEW_ON_CONFLICT_OR_MATERIAL_COMPANY_CHANGE,[],[],na strani težko najti dokaz da je to-to,"{""ambiguity_category"":""ONE_CLEAR_EVIDENCE_LEADER"",""benchmark_outcome"":""CORRECT_DOMAIN_PRESENT_BUT_NOT_SELECTED"",""human_domain_in_stored_candidates"":true,""human_domain_is_diagnostic_leader"":false,""review_difficulty"":""DIFFICULT_TO_FIND""}"
src_75cc2f84e2ce7716e0a6afb2f27b5a655a2503577eb11918ca52f83b83c86f41,HUMAN_REVIEW,xlsx:ambiguity_human_review_100.xlsx:sha256:5450081cd9db4c7cf6c6c1373ba9cfb25060032077c1cf619f672e25ec441d4f,Andrej Solinc,DISCOVERY_AMBIGUITY_HUMAN_REVIEW,1,2026-10-10T20:04:40Z,"{""raw_sheet"":""RAW DATA"",""review_sheet"":""REVIEW"",""reviewed_companies"":100,""workbook_filename"":""ambiguity_human_review_100.xlsx"",""workbook_sha256"":""5450081cd9db4c7cf6c6c1373ba9cfb25060032077c1cf619f672e25ec441d4f""}",assert_e86c3922eafd672d20b1db995463b1260a539dfb1e1df6cedd79fc8ed31b577e,14194,OFFICIAL_WEBSITE,https://nevtron.eu,"[""nevtron.eu""]",CONFIRMED_OFFICIAL_WEBSITE,89,HUMAN_VALIDATED,400,HIGH,"[{""row_number"":90,""sample_position"":89,""sheet"":""REVIEW"",""source_identifier"":""xlsx:ambiguity_human_review_100.xlsx:sha256:5450081cd9db4c7cf6c6c1373ba9cfb25060032077c1cf619f672e25ec441d4f"",""type"":""HUMAN_REVIEW_WORKBOOK_ROW""},{""ambiguity_category"":""ONE_CLEAR_EVIDENCE_LEADER"",""canonical_company_id"":14194,""row_number"":90,""sample_position"":89,""sheet"":""RAW DATA"",""type"":""DISCOVERY_AMBIGUITY_AUDIT_ROW""}]",2026-10-10T20:04:40Z,2026-10-10T20:04:40Z,2026-10-10T20:04:40Z,,REVIEW_ON_CONFLICT_OR_MATERIAL_COMPANY_CHANGE,[],[],"tudi nevtron.si, sicer lahko najti","{""ambiguity_category"":""ONE_CLEAR_EVIDENCE_LEADER"",""benchmark_outcome"":""CORRECT_DOMAIN_ALREADY_IN_STORED_EVIDENCE"",""human_domain_in_stored_candidates"":true,""human_domain_is_diagnostic_leader"":true,""review_difficulty"":""EASY_TO_FIND""}"
src_75cc2f84e2ce7716e0a6afb2f27b5a655a2503577eb11918ca52f83b83c86f41,HUMAN_REVIEW,xlsx:ambiguity_human_review_100.xlsx:sha256:5450081cd9db4c7cf6c6c1373ba9cfb25060032077c1cf619f672e25ec441d4f,Andrej Solinc,DISCOVERY_AMBIGUITY_HUMAN_REVIEW,1,2026-10-10T20:04:40Z,"{""raw_sheet"":""RAW DATA"",""review_sheet"":""REVIEW"",""reviewed_companies"":100,""workbook_filename"":""ambiguity_human_review_100.xlsx"",""workbook_sha256"":""5450081cd9db4c7cf6c6c1373ba9cfb25060032077c1cf619f672e25ec441d4f""}",assert_1230fc9ac58e6f7a8020cb9e9a1d1b5709ae46349ebee17b3e5b4c4e0582d218,5248,OFFICIAL_WEBSITE,mke.si,"[""mke.si""]",CONFIRMED_OFFICIAL_WEBSITE,90,HUMAN_VALIDATED,400,HIGH,"[{""row_number"":91,""sample_position"":90,""sheet"":""REVIEW"",""source_identifier"":""xlsx:ambiguity_human_review_100.xlsx:sha256:5450081cd9db4c7cf6c6c1373ba9cfb25060032077c1cf619f672e25ec441d4f"",""type"":""HUMAN_REVIEW_WORKBOOK_ROW""},{""ambiguity_category"":""ONE_CLEAR_EVIDENCE_LEADER"",""canonical_company_id"":5248,""row_number"":91,""sample_position"":90,""sheet"":""RAW DATA"",""type"":""DISCOVERY_AMBIGUITY_AUDIT_ROW""}]",2026-10-10T20:04:40Z,2026-10-10T20:04:40Z,2026-10-10T20:04:40Z,,REVIEW_ON_CONFLICT_OR_MATERIAL_COMPANY_CHANGE,[],[],,"{""ambiguity_category"":""ONE_CLEAR_EVIDENCE_LEADER"",""benchmark_outcome"":""CORRECT_DOMAIN_ALREADY_IN_STORED_EVIDENCE"",""human_domain_in_stored_candidates"":true,""human_domain_is_diagnostic_leader"":true,""review_difficulty"":""NOT_STATED""}"
src_75cc2f84e2ce7716e0a6afb2f27b5a655a2503577eb11918ca52f83b83c86f41,HUMAN_REVIEW,xlsx:ambiguity_human_review_100.xlsx:sha256:5450081cd9db4c7cf6c6c1373ba9cfb25060032077c1cf619f672e25ec441d4f,Andrej Solinc,DISCOVERY_AMBIGUITY_HUMAN_REVIEW,1,2026-10-10T20:04:40Z,"{""raw_sheet"":""RAW DATA"",""review_sheet"":""REVIEW"",""reviewed_companies"":100,""workbook_filename"":""ambiguity_human_review_100.xlsx"",""workbook_sha256"":""5450081cd9db4c7cf6c6c1373ba9cfb25060032077c1cf619f672e25ec441d4f""}",assert_8aab6a26f98a5b3166290acb57a2a4bfa47b12430818fbe50a2aca0d862f6188,5336,OFFICIAL_WEBSITE,burgerdoo.si,"[""burgerdoo.si""]",COMPLEX_RELATIONSHIP,91,HUMAN_VALIDATED,400,MEDIUM,"[{""row_number"":92,""sample_position"":91,""sheet"":""REVIEW"",""source_identifier"":""xlsx:ambiguity_human_review_100.xlsx:sha256:5450081cd9db4c7cf6c6c1373ba9cfb25060032077c1cf619f672e25ec441d4f"",""type"":""HUMAN_REVIEW_WORKBOOK_ROW""},{""ambiguity_category"":""MANY_LOW_SIGNAL_CANDIDATES"",""canonical_company_id"":5336,""row_number"":92,""sample_position"":91,""sheet"":""RAW DATA"",""type"":""DISCOVERY_AMBIGUITY_AUDIT_ROW""}]",2026-10-10T20:04:40Z,2026-10-10T20:04:40Z,2026-10-10T20:04:40Z,,REVIEW_ON_CONFLICT_OR_MATERIAL_COMPANY_CHANGE,[],[],"več domen povezanih s to firmo, konfuzno","{""ambiguity_category"":""MANY_LOW_SIGNAL_CANDIDATES"",""benchmark_outcome"":""COMPLEX_BRAND_OR_GROUP_RELATIONSHIP"",""human_domain_in_stored_candidates"":false,""human_domain_is_diagnostic_leader"":false,""review_difficulty"":""NOT_STATED""}"
src_75cc2f84e2ce7716e0a6afb2f27b5a655a2503577eb11918ca52f83b83c86f41,HUMAN_REVIEW,xlsx:ambiguity_human_review_100.xlsx:sha256:5450081cd9db4c7cf6c6c1373ba9cfb25060032077c1cf619f672e25ec441d4f,Andrej Solinc,DISCOVERY_AMBIGUITY_HUMAN_REVIEW,1,2026-10-10T20:04:40Z,"{""raw_sheet"":""RAW DATA"",""review_sheet"":""REVIEW"",""reviewed_companies"":100,""workbook_filename"":""ambiguity_human_review_100.xlsx"",""workbook_sha256"":""5450081cd9db4c7cf6c6c1373ba9cfb25060032077c1cf619f672e25ec441d4f""}",assert_fd97298046aa376907499034d899abfb8a85365f389fff2551b8ab696d79bdfa,14996,OFFICIAL_WEBSITE,https://www.verenstan.ba,"[""verenstan.ba""]",WRONG_ENTITY_OR_CROSS_COUNTRY,92,HUMAN_VALIDATED,400,MEDIUM,"[{""row_number"":93,""sample_position"":92,""sheet"":""REVIEW"",""source_identifier"":""xlsx:ambiguity_human_review_100.xlsx:sha256:5450081cd9db4c7cf6c6c1373ba9cfb25060032077c1cf619f672e25ec441d4f"",""type"":""HUMAN_REVIEW_WORKBOOK_ROW""},{""ambiguity_category"":""CROSS_COUNTRY_COLLISION"",""canonical_company_id"":14996,""row_number"":93,""sample_position"":92,""sheet"":""RAW DATA"",""type"":""DISCOVERY_AMBIGUITY_AUDIT_ROW""}]",2026-10-10T20:04:40Z,2026-10-10T20:04:40Z,2026-10-10T20:04:40Z,,REVIEW_ON_CONFLICT_OR_MATERIAL_COMPANY_CHANGE,[],[],"konfuzno, bosanska stran","{""ambiguity_category"":""CROSS_COUNTRY_COLLISION"",""benchmark_outcome"":""WRONG_ENTITY_OR_CROSS_COUNTRY"",""human_domain_in_stored_candidates"":true,""human_domain_is_diagnostic_leader"":true,""review_difficulty"":""NOT_STATED""}"
src_75cc2f84e2ce7716e0a6afb2f27b5a655a2503577eb11918ca52f83b83c86f41,HUMAN_REVIEW,xlsx:ambiguity_human_review_100.xlsx:sha256:5450081cd9db4c7cf6c6c1373ba9cfb25060032077c1cf619f672e25ec441d4f,Andrej Solinc,DISCOVERY_AMBIGUITY_HUMAN_REVIEW,1,2026-10-10T20:04:40Z,"{""raw_sheet"":""RAW DATA"",""review_sheet"":""REVIEW"",""reviewed_companies"":100,""workbook_filename"":""ambiguity_human_review_100.xlsx"",""workbook_sha256"":""5450081cd9db4c7cf6c6c1373ba9cfb25060032077c1cf619f672e25ec441d4f""}",assert_452fbb86ac990bcfd7a526b52a6aeed7fb3c8e73869277710eefb49b3c4e9b36,14183,OFFICIAL_WEBSITE,https://zobozdravnik-kriznar.si,"[""zobozdravnik-kriznar.si""]",CONFIRMED_OFFICIAL_WEBSITE,93,HUMAN_VALIDATED,400,HIGH,"[{""row_number"":94,""sample_position"":93,""sheet"":""REVIEW"",""source_identifier"":""xlsx:ambiguity_human_review_100.xlsx:sha256:5450081cd9db4c7cf6c6c1373ba9cfb25060032077c1cf619f672e25ec441d4f"",""type"":""HUMAN_REVIEW_WORKBOOK_ROW""},{""ambiguity_category"":""TWO_CLOSE_CANDIDATES"",""canonical_company_id"":14183,""row_number"":94,""sample_position"":93,""sheet"":""RAW DATA"",""type"":""DISCOVERY_AMBIGUITY_AUDIT_ROW""}]",2026-10-10T20:04:40Z,2026-10-10T20:04:40Z,2026-10-10T20:04:40Z,,REVIEW_ON_CONFLICT_OR_MATERIAL_COMPANY_CHANGE,[],[],,"{""ambiguity_category"":""TWO_CLOSE_CANDIDATES"",""benchmark_outcome"":""CORRECT_DOMAIN_PRESENT_BUT_NOT_SELECTED"",""human_domain_in_stored_candidates"":true,""human_domain_is_diagnostic_leader"":false,""review_difficulty"":""NOT_STATED""}"
src_75cc2f84e2ce7716e0a6afb2f27b5a655a2503577eb11918ca52f83b83c86f41,HUMAN_REVIEW,xlsx:ambiguity_human_review_100.xlsx:sha256:5450081cd9db4c7cf6c6c1373ba9cfb25060032077c1cf619f672e25ec441d4f,Andrej Solinc,DISCOVERY_AMBIGUITY_HUMAN_REVIEW,1,2026-10-10T20:04:40Z,"{""raw_sheet"":""RAW DATA"",""review_sheet"":""REVIEW"",""reviewed_companies"":100,""workbook_filename"":""ambiguity_human_review_100.xlsx"",""workbook_sha256"":""5450081cd9db4c7cf6c6c1373ba9cfb25060032077c1cf619f672e25ec441d4f""}",assert_324aa2e8d553a850ffe9cee106c6850c151d7160c19516dba484614e0aabe9fc,16303,OFFICIAL_WEBSITE,superstrela.com,"[""superstrela.com""]",COMPLEX_RELATIONSHIP,94,HUMAN_VALIDATED,400,MEDIUM,"[{""row_number"":95,""sample_position"":94,""sheet"":""REVIEW"",""source_identifier"":""xlsx:ambiguity_human_review_100.xlsx:sha256:5450081cd9db4c7cf6c6c1373ba9cfb25060032077c1cf619f672e25ec441d4f"",""type"":""HUMAN_REVIEW_WORKBOOK_ROW""},{""ambiguity_category"":""SAME_DOMAIN_VARIANTS"",""canonical_company_id"":16303,""row_number"":95,""sample_position"":94,""sheet"":""RAW DATA"",""type"":""DISCOVERY_AMBIGUITY_AUDIT_ROW""}]",2026-10-10T20:04:40Z,2026-10-10T20:04:40Z,2026-10-10T20:04:40Z,,REVIEW_ON_CONFLICT_OR_MATERIAL_COMPANY_CHANGE,[],[],"bolha je spletna tržnica, kjer pa imajo trgovine lahko svojo predstavitev","{""ambiguity_category"":""SAME_DOMAIN_VARIANTS"",""benchmark_outcome"":""COMPLEX_BRAND_OR_GROUP_RELATIONSHIP"",""human_domain_in_stored_candidates"":true,""human_domain_is_diagnostic_leader"":true,""review_difficulty"":""NOT_STATED""}"
src_75cc2f84e2ce7716e0a6afb2f27b5a655a2503577eb11918ca52f83b83c86f41,HUMAN_REVIEW,xlsx:ambiguity_human_review_100.xlsx:sha256:5450081cd9db4c7cf6c6c1373ba9cfb25060032077c1cf619f672e25ec441d4f,Andrej Solinc,DISCOVERY_AMBIGUITY_HUMAN_REVIEW,1,2026-10-10T20:04:40Z,"{""raw_sheet"":""RAW DATA"",""review_sheet"":""REVIEW"",""reviewed_companies"":100,""workbook_filename"":""ambiguity_human_review_100.xlsx"",""workbook_sha256"":""5450081cd9db4c7cf6c6c1373ba9cfb25060032077c1cf619f672e25ec441d4f""}",assert_1401f21bb41b0faf54ff75d2075ad3e431225f8ed3dd87016dd3284fad7079a4,16409,OFFICIAL_WEBSITE,steklarstvo-leskosek.si,"[""steklarstvo-leskosek.si""]",CONFIRMED_OFFICIAL_WEBSITE,95,HUMAN_VALIDATED,400,HIGH,"[{""row_number"":96,""sample_position"":95,""sheet"":""REVIEW"",""source_identifier"":""xlsx:ambiguity_human_review_100.xlsx:sha256:5450081cd9db4c7cf6c6c1373ba9cfb25060032077c1cf619f672e25ec441d4f"",""type"":""HUMAN_REVIEW_WORKBOOK_ROW""},{""ambiguity_category"":""MANY_LOW_SIGNAL_CANDIDATES"",""canonical_company_id"":16409,""row_number"":96,""sample_position"":95,""sheet"":""RAW DATA"",""type"":""DISCOVERY_AMBIGUITY_AUDIT_ROW""}]",2026-10-10T20:04:40Z,2026-10-10T20:04:40Z,2026-10-10T20:04:40Z,,REVIEW_ON_CONFLICT_OR_MATERIAL_COMPANY_CHANGE,[],[],,"{""ambiguity_category"":""MANY_LOW_SIGNAL_CANDIDATES"",""benchmark_outcome"":""CORRECT_DOMAIN_ALREADY_IN_STORED_EVIDENCE"",""human_domain_in_stored_candidates"":true,""human_domain_is_diagnostic_leader"":true,""review_difficulty"":""NOT_STATED""}"
src_75cc2f84e2ce7716e0a6afb2f27b5a655a2503577eb11918ca52f83b83c86f41,HUMAN_REVIEW,xlsx:ambiguity_human_review_100.xlsx:sha256:5450081cd9db4c7cf6c6c1373ba9cfb25060032077c1cf619f672e25ec441d4f,Andrej Solinc,DISCOVERY_AMBIGUITY_HUMAN_REVIEW,1,2026-10-10T20:04:40Z,"{""raw_sheet"":""RAW DATA"",""review_sheet"":""REVIEW"",""reviewed_companies"":100,""workbook_filename"":""ambiguity_human_review_100.xlsx"",""workbook_sha256"":""5450081cd9db4c7cf6c6c1373ba9cfb25060032077c1cf619f672e25ec441d4f""}",assert_485316c617ae2e0bb80df0c3d2d434bb69f78cceddce11c89c7aeb2f3ef342b3,16149,OFFICIAL_WEBSITE,,[],LIKELY_NO_OFFICIAL_WEBSITE,96,HUMAN_VALIDATED,400,MEDIUM,"[{""row_number"":97,""sample_position"":96,""sheet"":""REVIEW"",""source_identifier"":""xlsx:ambiguity_human_review_100.xlsx:sha256:5450081cd9db4c7cf6c6c1373ba9cfb25060032077c1cf619f672e25ec441d4f"",""type"":""HUMAN_REVIEW_WORKBOOK_ROW""},{""ambiguity_category"":""CROSS_COUNTRY_COLLISION"",""canonical_company_id"":16149,""row_number"":97,""sample_position"":96,""sheet"":""RAW DATA"",""type"":""DISCOVERY_AMBIGUITY_AUDIT_ROW""}]",2026-10-10T20:04:40Z,2026-10-10T20:04:40Z,2026-10-10T20:04:40Z,,REVIEW_ON_CONFLICT_OR_MATERIAL_COMPANY_CHANGE,[],[],nisem našel www,"{""ambiguity_category"":""CROSS_COUNTRY_COLLISION"",""benchmark_outcome"":""LIKELY_NO_OFFICIAL_WEBSITE"",""human_domain_in_stored_candidates"":false,""human_domain_is_diagnostic_leader"":false,""review_difficulty"":""NOT_STATED""}"
src_75cc2f84e2ce7716e0a6afb2f27b5a655a2503577eb11918ca52f83b83c86f41,HUMAN_REVIEW,xlsx:ambiguity_human_review_100.xlsx:sha256:5450081cd9db4c7cf6c6c1373ba9cfb25060032077c1cf619f672e25ec441d4f,Andrej Solinc,DISCOVERY_AMBIGUITY_HUMAN_REVIEW,1,2026-10-10T20:04:40Z,"{""raw_sheet"":""RAW DATA"",""review_sheet"":""REVIEW"",""reviewed_companies"":100,""workbook_filename"":""ambiguity_human_review_100.xlsx"",""workbook_sha256"":""5450081cd9db4c7cf6c6c1373ba9cfb25060032077c1cf619f672e25ec441d4f""}",assert_628bf6c66333dd08d78483f94a0fd75609e22afef6c15f35f9af1f88ed284857,4615,OFFICIAL_WEBSITE,https://biosistemika.com/,"[""biosistemika.com""]",CONFIRMED_OFFICIAL_WEBSITE,97,HUMAN_VALIDATED,400,HIGH,"[{""row_number"":98,""sample_position"":97,""sheet"":""REVIEW"",""source_identifier"":""xlsx:ambiguity_human_review_100.xlsx:sha256:5450081cd9db4c7cf6c6c1373ba9cfb25060032077c1cf619f672e25ec441d4f"",""type"":""HUMAN_REVIEW_WORKBOOK_ROW""},{""ambiguity_category"":""TWO_CLOSE_CANDIDATES"",""canonical_company_id"":4615,""row_number"":98,""sample_position"":97,""sheet"":""RAW DATA"",""type"":""DISCOVERY_AMBIGUITY_AUDIT_ROW""}]",2026-10-10T20:04:40Z,2026-10-10T20:04:40Z,2026-10-10T20:04:40Z,,REVIEW_ON_CONFLICT_OR_MATERIAL_COMPANY_CHANGE,[],[],tplj je tehnološki park ljubljana,"{""ambiguity_category"":""TWO_CLOSE_CANDIDATES"",""benchmark_outcome"":""CORRECT_DOMAIN_PRESENT_BUT_NOT_SELECTED"",""human_domain_in_stored_candidates"":true,""human_domain_is_diagnostic_leader"":false,""review_difficulty"":""NOT_STATED""}"
src_75cc2f84e2ce7716e0a6afb2f27b5a655a2503577eb11918ca52f83b83c86f41,HUMAN_REVIEW,xlsx:ambiguity_human_review_100.xlsx:sha256:5450081cd9db4c7cf6c6c1373ba9cfb25060032077c1cf619f672e25ec441d4f,Andrej Solinc,DISCOVERY_AMBIGUITY_HUMAN_REVIEW,1,2026-10-10T20:04:40Z,"{""raw_sheet"":""RAW DATA"",""review_sheet"":""REVIEW"",""reviewed_companies"":100,""workbook_filename"":""ambiguity_human_review_100.xlsx"",""workbook_sha256"":""5450081cd9db4c7cf6c6c1373ba9cfb25060032077c1cf619f672e25ec441d4f""}",assert_bc488c69c69a6c99a520cc40cfa9fb4d401a258c807e3357c4ac7db575b81908,9084,OFFICIAL_WEBSITE,https://al-mulin.si,"[""al-mulin.si""]",CONFIRMED_OFFICIAL_WEBSITE,98,HUMAN_VALIDATED,400,HIGH,"[{""row_number"":99,""sample_position"":98,""sheet"":""REVIEW"",""source_identifier"":""xlsx:ambiguity_human_review_100.xlsx:sha256:5450081cd9db4c7cf6c6c1373ba9cfb25060032077c1cf619f672e25ec441d4f"",""type"":""HUMAN_REVIEW_WORKBOOK_ROW""},{""ambiguity_category"":""MANY_LOW_SIGNAL_CANDIDATES"",""canonical_company_id"":9084,""row_number"":99,""sample_position"":98,""sheet"":""RAW DATA"",""type"":""DISCOVERY_AMBIGUITY_AUDIT_ROW""}]",2026-10-10T20:04:40Z,2026-10-10T20:04:40Z,2026-10-10T20:04:40Z,,REVIEW_ON_CONFLICT_OR_MATERIAL_COMPANY_CHANGE,[],[],,"{""ambiguity_category"":""MANY_LOW_SIGNAL_CANDIDATES"",""benchmark_outcome"":""CORRECT_DOMAIN_PRESENT_BUT_NOT_SELECTED"",""human_domain_in_stored_candidates"":true,""human_domain_is_diagnostic_leader"":false,""review_difficulty"":""NOT_STATED""}"
src_75cc2f84e2ce7716e0a6afb2f27b5a655a2503577eb11918ca52f83b83c86f41,HUMAN_REVIEW,xlsx:ambiguity_human_review_100.xlsx:sha256:5450081cd9db4c7cf6c6c1373ba9cfb25060032077c1cf619f672e25ec441d4f,Andrej Solinc,DISCOVERY_AMBIGUITY_HUMAN_REVIEW,1,2026-10-10T20:04:40Z,"{""raw_sheet"":""RAW DATA"",""review_sheet"":""REVIEW"",""reviewed_companies"":100,""workbook_filename"":""ambiguity_human_review_100.xlsx"",""workbook_sha256"":""5450081cd9db4c7cf6c6c1373ba9cfb25060032077c1cf619f672e25ec441d4f""}",assert_428d0b9b66e6fe2782ddf8ff68bee613fb9302a002ce374072e607d027a07fa1,2187,OFFICIAL_WEBSITE,diepolstermacher.com,"[""diepolstermacher.com""]",WRONG_ENTITY_OR_CROSS_COUNTRY,99,HUMAN_VALIDATED,400,MEDIUM,"[{""row_number"":100,""sample_position"":99,""sheet"":""REVIEW"",""source_identifier"":""xlsx:ambiguity_human_review_100.xlsx:sha256:5450081cd9db4c7cf6c6c1373ba9cfb25060032077c1cf619f672e25ec441d4f"",""type"":""HUMAN_REVIEW_WORKBOOK_ROW""},{""ambiguity_category"":""CROSS_COUNTRY_COLLISION"",""canonical_company_id"":2187,""row_number"":100,""sample_position"":99,""sheet"":""RAW DATA"",""type"":""DISCOVERY_AMBIGUITY_AUDIT_ROW""}]",2026-10-10T20:04:40Z,2026-10-10T20:04:40Z,2026-10-10T20:04:40Z,,REVIEW_ON_CONFLICT_OR_MATERIAL_COMPANY_CHANGE,[],[],"konfuzno - to je korpo stran, ne od slovenske firme temveč njihovih lastnikov","{""ambiguity_category"":""CROSS_COUNTRY_COLLISION"",""benchmark_outcome"":""WRONG_ENTITY_OR_CROSS_COUNTRY"",""human_domain_in_stored_candidates"":true,""human_domain_is_diagnostic_leader"":true,""review_difficulty"":""NOT_STATED""}"
src_75cc2f84e2ce7716e0a6afb2f27b5a655a2503577eb11918ca52f83b83c86f41,HUMAN_REVIEW,xlsx:ambiguity_human_review_100.xlsx:sha256:5450081cd9db4c7cf6c6c1373ba9cfb25060032077c1cf619f672e25ec441d4f,Andrej Solinc,DISCOVERY_AMBIGUITY_HUMAN_REVIEW,1,2026-10-10T20:04:40Z,"{""raw_sheet"":""RAW DATA"",""review_sheet"":""REVIEW"",""reviewed_companies"":100,""workbook_filename"":""ambiguity_human_review_100.xlsx"",""workbook_sha256"":""5450081cd9db4c7cf6c6c1373ba9cfb25060032077c1cf619f672e25ec441d4f""}",assert_c9281ab8107149133218f18b554102ff7d4b74212b7f4cf4827f46c04915b987,13167,OFFICIAL_WEBSITE,https://www.dobramisel.net/,"[""dobramisel.net""]",CONFIRMED_OFFICIAL_WEBSITE,100,HUMAN_VALIDATED,400,HIGH,"[{""row_number"":101,""sample_position"":100,""sheet"":""REVIEW"",""source_identifier"":""xlsx:ambiguity_human_review_100.xlsx:sha256:5450081cd9db4c7cf6c6c1373ba9cfb25060032077c1cf619f672e25ec441d4f"",""type"":""HUMAN_REVIEW_WORKBOOK_ROW""},{""ambiguity_category"":""TWO_CLOSE_CANDIDATES"",""canonical_company_id"":13167,""row_number"":101,""sample_position"":100,""sheet"":""RAW DATA"",""type"":""DISCOVERY_AMBIGUITY_AUDIT_ROW""}]",2026-10-10T20:04:40Z,2026-10-10T20:04:40Z,2026-10-10T20:04:40Z,,REVIEW_ON_CONFLICT_OR_MATERIAL_COMPANY_CHANGE,[],[],tudi dobramisel.si,"{""ambiguity_category"":""TWO_CLOSE_CANDIDATES"",""benchmark_outcome"":""CORRECT_DOMAIN_PRESENT_BUT_NOT_SELECTED"",""human_domain_in_stored_candidates"":true,""human_domain_is_diagnostic_leader"":false,""review_difficulty"":""NOT_STATED""}"
